"id","readable_id","user_id","name"
"01053011-baf5-4f62-96d6-de75a18ec5b1",1,,Halle Kiefer
"079a31ff-980f-4958-ae11-8ecf5e6e5813",2,,Darrin Navarro
"07b722b6-a508-4fbe-b524-c12fff9b39e1",3,,Adam B. Vary
"0831b806-50cd-4e24-b316-f1f1ce6a729a",4,,Kevin Avery
"0b16d2f9-7be2-4fc5-adf5-eb53e811b3b7",5,,Simon Abrams
"0cc91d5f-c299-473f-9b55-79277ae31d4c",6,,Jocey Coffman
"0d0adff2-005c-4eac-91f0-33e127d743b0",7,,Bryan Cogman
"0e83aaac-96fc-4487-820f-71d90c7816a4",8,,Dave Gonzales
"112f7fbb-4e1f-4e30-8ffd-4c2e5f9ff468",9,,Clarke Wolfe
"11697f91-8d5b-4ee5-a8fc-cae677bdc111",10,,Brea Grant
"126436e6-ff5a-4260-a4a9-1a78d12ef95e",11,,William Bibbiani
"1472e9cc-4f46-44c8-b3b9-964944522c78",12,,Joe Reid
"14b5a11d-292c-4751-bd24-1b3292c097b5",13,,Alec Tibaldi
"16659352-5ee7-415b-9840-56801fee6c8e",14,,Grant Moninger
"17a61cb8-6c29-4ffd-9875-9f391c915884",15,,Elric Kane
"17e93d6c-ff10-497a-8c87-6cb704909c94",16,,David Kittredge
"1a90a927-6e9b-41c7-b6bf-e411d057a3ee",17,,Marc Bernardin
"1b78617e-e38d-4221-b146-8c65f654156a",18,,Maria Lewis
"1c811a65-6135-4cae-b4b5-3aa769e099fe",19,,Eric Plese
"1ea64225-2ea5-4dc3-8ba5-1e85e09835f6",20,,Chelsea Stardust
"1f0736e5-1ddc-46bf-9fd7-8e0512bdfc65",21,,Blake Masters
"242cc00e-d003-494e-a1c8-d314738a8029",22,,Dan Trachtenberg
"2518536d-c219-4a64-9319-cdab83d548ec",23,,David Chen
"2555ce40-51a1-4639-af7a-74af914051db",24,,Anna Bogutskaya
"25ce3648-2aa4-4992-a379-003d561b81d4",25,,Kenny Neibart
"27ec6cdc-d643-4274-8df7-7421fb0733b4",26,,Witney Seibold
"281ad12d-b37b-43f7-9152-43a9d3fceb48",27,,Zed Cutsinger
"28620fb5-e293-4479-9210-c32fe45bd450",28,,Dane McDonald
"28c02cfb-2949-4f42-b6a3-0a22674837f0",29,,Jordan Crucchiola
"2a4c7755-b2ad-4c4b-857d-93a4dc238d42",30,,Frank Dietz
"2dd0fe35-c4c6-4c15-a9f8-272ba3ad34c2",31,,Ash Crossan
"2f961c40-15b7-43e9-895f-045fbee2b2e3",32,,Ricky Carmona
"31b385ba-eb23-48fe-be84-e4e8c21b3c3b",33,,Katie Walsh
"31fc5804-d5b0-42bf-8f9d-d06a59b7d82e",34,,Alison Leiby
"32fcb99d-ca2a-4c2b-9b53-400d07492ef7",35,,Rebekah McKendry
"33e94969-4945-4723-8966-1266889da3f0",36,,Anam Syed
"382d9808-f55e-46ee-92d0-c61c9e4aaa4f",37,,Dylan Guerra
"398a6d10-0efb-4fe3-9a1b-2b47435ed44f",38,,Brian Saur
"3adb4905-0225-4d82-89c9-6a6bf30d0226",39,,Ryan Stanger
"3beaa6c9-e2b0-45c3-9239-71c5f7893732",40,,Fayna Sanchez
"3c07306e-ef9a-4d13-8eba-6e97ae3743a0",41,,Patreon Members
"3d5bf71d-738e-4536-9a45-cdaea806dd7a",42,,Angie Han
"3e0f56cf-c842-4910-a446-408c9829f260",43,,Carla Renata
"3e224573-2e15-4c1c-b110-28c4f5c73f38",44,,Ian Karmel
"3fcf368d-f9b3-4f63-a2c8-b76013693d3d",45,,Frank H. Woodward
"4078e42b-928e-4423-947e-1d181db517e6",46,,Mark Harris
"424f40ce-e68f-4f71-8ab9-327c973ff65a",47,,Connor Ratliff
"433692bd-f082-4fbb-a4cf-bd4a5b2b5aa9",48,,Emily St. James
"43c3e3c0-f187-4539-9358-181c54d0bae5",49,,Samm Levine
"441c52fa-7397-4748-82bc-7585c4e21bfe",50,,Larry Zerner
"443af912-1e5d-44a5-8f26-fd66a42f3651",51,,Chris Thomas Devlin
"44cb3279-40b8-4da8-90b7-e43c0b47d9b8",52,,James Ponsoldt
"4648aeb7-3458-4aac-9cfe-fd6caea0df22",53,,Rance Collins
"48936fdb-8ffb-4838-912d-1056e380c836",54,,Joanna Robinson
"4bf3b1d6-57be-431f-915b-0d4c3654671e",55,,Guy Branum
"4cd26c5a-73c9-4a20-a7dd-37c836761f5b",56,,David Ian McKendry
"4ddaf216-311b-436c-8678-31855455f1d1",57,,Matt Perez-Mora
"4e2ff47a-135a-42c9-8f9b-05977ff60d6f",58,,Jen Johans
"4e4b17bc-150a-4e99-a2a3-4b6475d42d44",59,,Tom Cendejas
"536b4e0e-63c5-4ffb-b9db-27e2b7892cfc",60,,Jon Gabrus
"53fbf7b7-0c92-40b6-b65b-247135205240",61,,Mike Ryan
"54b5d488-fd38-4f85-9bb2-68c416490e2b",62,,John Bradley
"56a23e51-a35e-43b4-8b4c-1856250eab11",63,,Jarrod Murray
"56c88a9e-8aeb-4a6f-9576-2d9e9a433325",64,,Riley Stearns
"56f27ee2-7254-40fc-b00a-93717ca3d3fa",65,,Phil Iscove
"571dd2a8-1c43-43c3-a3e5-34a387125dcb",66,,Eric Vespe
"58207226-03a8-4883-bf00-338eb5124042",67,,Kyle Anderson
"5877d3ff-ae30-4a1b-ae39-7330d7dd3af1",68,,Jonah Ray Rodrigues
"58da69ee-15ed-46f1-a8e2-d89feccd768f",69,,Chancellor Agard
"5931091f-4c76-42d8-84dc-96bec9e3d597",70,,Billy Ray Brewton
"59a05947-0a4c-4f15-904a-165106d0790a",71,,Andres Cabrera
"5b008340-f0f6-4385-a8ce-1f24e07cb5e8",72,,Daniel Crooke
"5b0c2434-932f-497b-8e37-861b4cd5e81a",73,,Marya Gates
"5d15f635-f3ef-40e6-b292-fae73163d1ea",74,,Alfonso Carrillo
"5d2de9ea-f249-4e81-9f93-0290d2d96bc1",75,,Elliott Kalan
"5d8b0d85-89ce-4933-8847-c4f6a8b64cc9",76,,Steven Ray Morris
"5e13a296-d8c0-4943-a788-1090377d27f5",77,,Marc Calderaro
"5e366144-9cc7-46a7-a6c5-59405e742735",78,,Chris Scleicher
"5f9128ba-0d15-486a-80b1-e6ad64f6f32d",79,,Jeff Jensen
"5fe205b1-86d8-438c-9ea5-84447e521562",80,,Heidi Honeycutt
"60537c60-a725-4454-a946-d448a793d58d",81,,Toshi McWeeny
"6079d86e-cb44-4c58-adf0-c6e72f663069",82,,Vince Balzano
"62e46887-06d0-461f-98e3-bc243d7acb2d",83,,Robert Butler III
"63551973-8b0a-44b0-b9c0-d5ba269f4571",84,,Holly Thompson
"65147498-f878-45af-a3be-b3e19123e360",85,,Max Genecov
"661bdf83-f1df-4d98-a2ed-f5aa9123fe76",86,,Brian Collins
"6654e0a9-0e66-4327-8074-281ddb2a1cff",87,,Noel Murray
"669cebfa-73d4-494d-b3fb-8e8634548991",88,,Maureen Lee Lenker
"67f82619-a5c5-4d70-8641-622d5e649a41",89,,Andrew Furtado
"6aae0c1f-3a91-4654-80ea-42213327be71",90,,Patrick Cotnoir
"6b983673-ae3d-4b82-afbf-c46ec9b20ef8",91,,Chris Feil
"6cb8b73a-f7b5-411d-b343-e12da3bc89ae",92,,Matt Mercer
"6dbaaa42-3673-42a5-a368-94a5cb9e30f3",93,,Dana Schwartz
"6fac4a5d-c270-4c1f-8da7-48a6f5d8f407",94,,Phil Nobile Jr.
"70d0fa8d-46be-4ee5-97e5-f8e6f38b3536",95,,Pat Driscoll
"731f7d23-eeae-4fd0-bb62-ac36e311e411",96,,Milla Bell-Hart
"76476f3e-5719-48ef-9b7c-6411b7b1a44c",97,,Graham Skipper
"76db1740-d667-4f0d-ba8c-f2d72a41bbee",98,,Amanda Smith
"77a295ea-4338-42bb-a80a-e0159de4c4ad",99,,Ben Mankiewicz
"77d02192-8af5-4ae5-9e22-d94aff9a22c9",100,,Bethy Squires
"78a7164a-c3e6-4fee-afa8-9f00ef584c8f",101,,Louis Peitzman
"797106da-15dc-46a9-af3d-d5e2c000666f",102,,Andy Levy
"79e58600-eac5-445e-916f-43d8b37547f2",103,,Alicia Lutes
"7a2992b9-756a-47b7-8274-6dfd8a9869a3",104,,B.J. Colangelo
"7b1c5d9c-a0d1-494b-94da-abdda4d4fe3a",105,,Alonso Duralde
"7c580ed3-30b0-49a5-b13c-00f9bcba7498",106,,Alan Sepinwall
"7d26d92e-7fc5-4caa-9232-ec0547de75a5",107,,Chris Amick
"7d2ee542-c916-46b4-9156-362201168cde",108,,Jonathan Baker
"7d789c61-d763-4e15-a4ba-40bc079012b8",109,,Demi Adejuyigbe
"7d9d413f-92a3-4f44-9fec-1c333a231e48",110,,Beth Accomando
"81143403-bb8e-44c9-8f17-c833f9acb520",111,,BenDavid Grabinski
"8121013e-3a45-4d36-b82e-193ae6579070",112,,Evan Dickson
"81937b1d-0621-4f38-b962-a4c1e476911c",113,,Piya Sinha-Roy
"81b46db8-9afe-4415-b245-c0a58468b0f3",114,,Kate Freund
"82f37e91-e879-4fb5-b13c-048d13ffb681",115,,Daniel Thompson
"842dc9ef-d7cd-491a-88b8-29f2b3bdd0e9",116,,Karen Tongson
"85cf9842-6abe-4e64-8ed4-e6a4f40ecb03",117,,Drea Clark
"86635f22-34e5-4db8-98f1-01adcae05f60",118,,Andrew Merrill
"86644ba4-bc9a-4d8d-8d85-354421ceadc6",119,,Rachel Walker
"8672555e-cb4f-4349-927c-73dabda2c515",120,,Chris Hewitt
"86759d9f-5613-4578-b74d-14f80217c675",121,,Thomas Grabinski
"899cab19-86d2-4022-b615-8c4c9dec9db9",122,,Steve Berg
"89ab7c7f-22b3-4af5-9d82-cf4e3ad8f3ed",123,,J.D. Amato
"8a037532-2998-486d-8ab2-1135d3f19e4d",124,,Walter Chaw
"8b055f14-68d4-4eb4-8a35-d6445c0545cd",125,,Gina Ippolito
"8da51512-df62-4aa1-8b07-7f6ab848c7bf",126,,Devan Coggan
"8dcf801d-6780-4201-9c83-9dc2eb278572",127,,Liz Hannah
"8ef83fbd-4569-4df2-a3a7-8f947dc5ab24",128,,Mike Dougherty
"904bef4b-1c24-4e48-a139-8bac7b18d9ae",129,,Liz Shannon Miller
"91435349-16f2-4740-a107-f370aa0abdf4",130,,Kate Hagen
"9174e501-df94-4d95-b12f-bc51ad7a145f",131,,Mia Lee Vicino
"9177cf93-d350-4ffc-80fb-60bbbdd49da7",132,,Andrew Roebuck
"9659bda8-236b-44ce-a244-e9f32748b7a0",133,,Angela Matano
"98619705-9f31-441d-ae8c-f0654ff5ec20",134,,Jason Sheridan
"98b65b50-772e-487c-bd86-b926f7e92b51",135,,Aaron LaPlante
"994f2851-7d5e-4fc4-b484-33bc0ed8c97d",136,,Scott Wampler
"9958b24c-e9f1-45e1-95a3-21c24e45030b",137,,Jacqueline Coley
"997d2284-f252-4fbd-89d4-78a08c3466bc",138,,Drew McWeeny
"99c602f8-3bc5-4f60-9802-020c4214294f",139,,Anthony DiBlasi
a23c4a80-81ff-471e-8ee4-d522e7ba35c2,140,,Alexei Toliopoulos
a29821bc-6aa8-42c6-8d2d-faf270c87cd5,141,,Eric Pennycoff
a43e40d6-390d-463c-9985-cf264bb890b4,142,,Juan Quanito
a4f5adca-d9ad-44ae-bc9e-60a9f0c3db63,143,,Kay Hanley
a5cc1074-83b3-43fc-a0f7-e405f18c745e,144,,Nichol Lovett
a882ae6e-e3a8-44b1-9237-104ed6c2aab6,145,,Megan Amram
a9f85bd0-6a35-4eca-929c-26f187ca2dd8,146,,Walter Hollmann
ab477415-e450-40ca-b425-1acee94ad8b6,147,,Luis Rendon
ab685ae8-6d71-4619-9de7-68a6d03ed2ec,148,,Josh Larsen
ab8a4f3c-0663-4c07-b516-9761724d9d83,149,,Mitchell Beaupre
ac2e430e-9d88-4d08-8a4f-b0947145517c,150,,Derek Lawrence
aec19332-309f-4b28-8fbf-7a3ae68380a5,151,,Patrick Hamilton
b14387ef-2041-4846-bc61-ae73b64ecc48,152,,Linda Holmes
b1f67b91-0fee-47a9-92f9-57136c914647,153,,April Wolfe
b1f9fd01-2a3e-400f-b17e-546dd18aba4a,154,,Nick de Semlyen
b476b293-07f6-44f3-9a86-9500dbcbf26e,155,,Helen Shang
b52abd6b-7ec2-42c8-bdef-403a83f76032,156,,Ryan Estrada
b6cc7428-499a-4367-954c-ea9d44912225,157,,Brian Gillespie
b6ee4302-a4c3-41eb-a738-712398cfe71d,158,,Carrie Wittmer
b761306e-772c-47e9-a9a1-9e5c3bb3cf0f,159,,Brian Duffield
b7ac3621-c2ce-4745-96cf-8ba2a64f4798,160,,Katey Rich
baf5d12b-6ff5-482a-a4d3-0b09f964595a,161,,Kimmy Shields
bb2ac86d-ad51-497a-b010-9e5a5a5f0f0d,162,,Patrick Bromley
bcd19082-7c44-4ac7-8423-bcaa57e1b055,163,,Rachel Wagner
bd7bc3b0-7232-469d-80df-2f16b6238fbb,164,,Erik Anderson
bdb90320-26b5-4f89-b830-a4ed0eb4d130,165,,Juan Barquin
bece77fe-c51d-4fd4-8180-8338d61ccecd,166,,Kyle Turner
beeaa25d-c851-477a-8c2e-b427e2537aaf,167,,Neil Miller
bf4a95ad-0cc5-4f36-a53a-1495b26ee2f5,168,,Harmony Colangelo
bfaf0d93-4fa0-4f3d-ac43-ce44fcac7cc5,169,,Christian Holub
c1d4eec2-0cdf-4336-870c-12a4f0948fca,170,,Ryan Marker
c2297f61-50d7-4eed-a2ad-3071982fae03,171,,Mikelle Street
c22d67dc-3b0e-408c-86b1-782c39642c71,172,,Zoe Zelkind
c39ab7a8-63eb-4f28-b368-527c59b74115,173,,Jenelle Riley
c3d039b1-c578-45b8-b6b3-dcb6a388f9de,174,,Sean Jordan
c60bd19c-2c6c-4913-93eb-7627acaa98a4,175,,Jesse Knight
c77d9c8e-2c45-4141-9764-bc303bea0206,176,,Jen Yamato
c7c0e0df-170f-4435-a66e-9d43ce04214e,177,,Morgan Peter Brown
c7e3f61b-b2a8-472d-8175-10d991a6b59a,178,,Josh Baker
c8f2614b-396b-4403-baf3-988ef537ba7f,179,,Oriana Nudo
ca18dc40-b3bd-4914-ae6d-428820352998,180,,Sean Keller
cab1d045-e789-4be8-a974-981204dee5c3,181,,Wynter Mitchell
cb4ca5e1-b453-4746-a51d-456c70d7ef2a,182,,Slim
cb959f7e-4404-4b42-941b-dcebd35e42df,183,,Justin LaLiberty
cbcdf40c-3876-4102-b91f-0b18a9dc567e,184,,Scott Reynolds
ce6fd3b5-37ce-4fa2-a030-ba65aab012d3,185,,Kris Tapley
cebd157a-df24-47e8-b62c-6f798cbf357c,186,,Matt Singer
d161375a-334b-4d13-b311-f66604f0fdf4,187,,Dave Schilling
d17ed8eb-2b53-4ecd-9275-ef20bdaf8076,188,,Alison Herman
d1edc078-3761-4149-9100-fff08e4011c0,189,,Joe Lynch
d3aba1c1-190c-4142-a667-b042496622f5,190,,Renée Bever
d5487070-4021-4e85-beaf-d585a5a71163,191,,Griffin Newman
d6a2688b-0ea9-4026-8027-4da5af761dd9,192,,Jeff Cannata
d7964af7-9eb5-4ba3-bd26-534a001a75e5,193,,Scott Beck
d8ae550d-2a00-46b5-882c-12f74e91619b,194,,Breanna Whipple
d8c98899-7185-4649-b2a8-a9895af8c5f1,195,,Henry Zebrowski
d95786b2-a811-48dc-bd18-b00b4d8738e8,196,,Lucé Tomlin-Brenner
da6a5e5c-e1a7-43c3-99b5-01256d2b0a78,197,,Jordan Hoffman
dbbfb3cf-9a80-42ec-a296-540bc30dbb3d,198,,Bryan Woods
dc721383-480e-434c-843e-da4e1d96d72c,199,,John Freiler
dc80cd3c-c597-4684-91b3-94c915ac329d,200,,Angelique Jackson
dd874c30-2cb7-4724-a30d-27ad3f162ce2,201,,Jenn Wilson
dde00453-0852-41eb-b978-80a39ef83ad0,202,,Darren Franich
df9ac43f-f094-4987-9f6b-23e5b6f59efc,203,,Dory Benford
e0253429-3966-47e5-becd-edbf408a5b5d,204,,Kristy Puchko
e033d8ec-2723-4973-bbfb-4eadabfe9192,205,,Libby Hill
e1805464-57eb-431a-87a7-0a66a1bfcbb4,206,,Mallory Rubin
e180f87c-7fd4-4788-85c0-6057311e56cf,207,,Samm Deighan
e1c8d40b-ac45-4a1d-b118-ed64d03cb899,208,,Jim Branscome
e42e2550-1b57-4e53-bf7e-3962c3435d86,209,,Cameron James
e44fcbb4-4446-4edb-b4ba-d4031f18a361,210,,Daniel Fienberg
e57f9c4b-a319-49cb-92f3-fe83806a94e5,211,,Miguel Rodriguez
e6fa10cf-5d2c-4690-9f98-6a55d518547a,212,,Eric Moore
e7064842-a671-4129-b208-3ca9e5bec539,213,,Sarah Sterling
e8d156f8-d1aa-4e76-b590-c684a49972f3,214,,Penny Cox
e8d502a0-ec8b-4ee8-9202-a81b5f3dfbb4,215,,Joe Begos
ea588efb-240a-4c6d-a634-d3d8dab4d75c,216,,Clark Collis
eb47d536-1a1f-49fd-8a8e-4804e0305270,217,,Jared Moshe
ebc9cb8b-e5eb-46b1-b8a5-667fc8c17726,218,,Beth Crudele
ebd99835-5712-4112-a821-35dd7f68ffb5,219,,Dave Holmes
ecdac64e-d96c-4910-8f21-f8e24ba4559e,220,,Gavin Mevius
ee55074b-ab4a-4e31-bac3-5d8ecdc1b764,221,,Mike Makowsky
ee8ccaac-c083-47ad-8607-3ac21d624f02,222,,Bilge Ebiri
f0d9e370-4a3f-4382-9376-fa326b36fe43,223,,Blake Howard
f1c4cacc-db52-4954-afa8-f0e14e61b8db,224,,Roxana Hadadi
f32df372-3ab4-4a1e-9f07-47932515ceb8,225,,Ben Mekler
f3cbe023-e94a-4bb9-ad26-4f7c950f30ad,226,,Tre'vell Anderson
f3f0f0b7-55cc-4c5d-9d32-4ea63675411b,227,,Jordan Morris
f439ae27-0652-4b63-99f2-25e1bcc3c9c7,228,,Ify Nwadiwe
f5729dc9-f67d-4f5d-9e16-6036d305a919,229,,Alison Willmore
f7a79ea8-1763-4abd-b549-cf0977d9fe63,230,,Kevin Costello
f8136f2e-00f7-4049-8b87-3d7801ab6fd9,231,,Amy Nicholson
f84ec475-cba0-4525-a786-ccea39b90167,232,,Clay Keller
f92ee9da-0a03-49ea-acaa-07320e7210dd,233,,Joe George
fb09770f-b207-4164-ba50-f1dc34338180,234,,Jason Shawhan
fb77d023-16e0-4825-b139-0976a7611d26,235,,Brandon Streussnig
fbd32f95-6cc9-4b15-80b1-ff7441aa226a,236,,Eva Anderson
fbf2fa87-26b4-486a-9f65-654de3476e13,237,,Sam Wineman
fcc375ab-a6d6-466f-b3f3-09c20b1ab18f,238,,Dave Parker
fda8ae11-dd97-42db-957f-b4d04f0636e0,239,,Inkoo Kang
fea53c38-84e9-41d3-bbce-2414a4c76391,240,,Dave White
