"id","user_id","public_id","first_name","last_name","display_name"
"01dfc181-7864-4627-b94b-047234a660d1",a49c5926-e855-4e62-a668-c7adf21bf2bb,pe_qiuKFeYJ1w3LUOO,Tom,Cendejas,Tom Cendejas
"026f94b9-86b8-45dc-a4fa-2ce4954a6296",fae6652a-edff-495c-917d-9b2bb54365f6,pe_1bugl8KbBXWIvd6,Penny,Cox,Penny Cox
"1b66b7fd-0ca4-4463-98ab-a7b275ccbb5a",a250f28c-bc85-4f3b-8e4c-267b2055fdb2,pe_9eIiyoIDoLIG9vf,Frank,Berman,Frank Berman
"1cb66561-2faa-4725-9920-24d684297a4e","27b1f0b0-0af2-4f35-895d-4ed886ba5686",pe_OxaFgdjp6laSOGw,Joe,Begos,Joe Begos
"1dba5b6c-2aa5-49ab-8360-d8d21dd2bb96",e946eed5-0934-4565-b22a-1df9a118b008,pe_Q7KqdE7LntZ33fu,Anam,Syed,Anam Syed
"1e46b919-2b81-4547-b60b-7ac496ba095d",fc8cc591-3a8c-4ded-b0f1-3c8e18571bec,pe_Lh7odx8wKzVnMn5,Patrick,Cotnoir,Patrick Cotnoir
"5e7b38a7-c03f-4dfe-a452-c18c64ef351c","01f77803-6dff-4886-9b22-2c9f1908292c",pe_OsM4alvNQjhjwXb,Bill,Bria,Bill Bria
"1ea0d7ca-bb35-424a-8536-f5ac1505f62b",b42d897e-2930-47bb-9c47-10815c4f910f,pe_oMoCvtskb7etgrn,Sean,Jordan,Sean Jordan
"01e548ba-6eb1-4a55-a71d-26cc5bbaae0b","3fcb2c83-b2db-4d3b-aeac-8dde8a6a59c1",pe_YUPqNwvNT39NBiz,Marc,Bernardin,Marc Bernardin
"02f0c23b-3352-4d07-8b79-b43b0217590c",ada81f82-d37a-4dba-982e-bbff49de09ef,pe_g1ARU9BqPTKrp0l,Marya,Gates,Marya Gates
"03807cb3-b4fc-49a2-9678-4f7efc91865f",c290b7a4-a9c9-4a3b-803a-5671488a6d73,pe_OcRZU58wBfxtXMT,Fayna,Sanchez,Fayna Sanchez
"0524e371-d4f8-4054-820e-6332ac56a3f7","276b76b1-e66f-4a2e-908d-821f665f6760",pe_egTq2QoGUZL5pH0,Jonathan,Moler,Jonathan Moler
"059151e3-3f0e-40b9-b40c-1a453e774e9d","8b8beb68-0f30-46b0-a47a-2f88b477dc9d",pe_rDdQ94rPpBCzqOe,Joanna,Robinson,Joanna Robinson
"0632742e-7e4a-4512-ac2a-2d2b42bb0b06",d02a9f2d-d992-4b1b-8b4e-9aaa4b63f7c1,pe_IF14ilRaXPC86jC,David,Chen,David Chen
"06b76056-1baf-408e-abfc-4b4562c6b324","03805d59-74f3-4bb5-bb73-641788e8f496",pe_EFORDSZgCUkgP5I,Doug,Jones,Doug Jones
"06ca71a8-e21c-4ac6-8503-438a4dd6af64","23b659d5-c153-4f03-8fbc-b74c1866141d",pe_3g518nm9uars75l,Andrew,Furtado,Andrew Furtado
"072f2c12-6139-4680-a603-228465a91853","73644454-f0d0-4596-a3c3-c5dbb1bdddc6",pe_yQNxRwUu8BK91CB,Chris,Owens,Chris Owens
"08395e71-3de1-4608-9826-bab2794f98e7","6757f234-66b1-410e-80ec-728c2592d8b5",pe_8buXXL3C2t3j9nq,Jeff,Jensen,Jeff Jensen
"08588ee0-286b-4733-936f-b7047eb89ae4",a6d34ef9-9b78-4f08-8b20-f8979a935b9a,pe_CrEBgROKI2uKVDh,Thomas,Vitale,Thomas Vitale
"0b2ef1c6-2019-4b2b-9532-49f14abc0c8c",e14fb865-e29a-4445-8ef6-6af94199b373,pe_GDpo9njR5NAb0Cs,Jesse,Knight,Jesse Knight
"0b88c40a-8cb5-4e82-a8f7-cea0cfcee163","051c0226-efdd-4941-b7a7-8805f92bbe60",pe_7Q5tWrscQa0IYek,Griffin,Newman,Griffin Newman
"0c36e198-145b-434d-ac44-0a154bba6aeb",cee6b2b7-1b8a-4214-be2c-f035e9caf2e2,pe_GbkmEiWeFGTfO62,Patrick,Hamilton,Patrick Hamilton
"0c635ee8-b0fd-40a3-baf7-6006a9d3f94f","90aad20b-d885-401a-850d-1d9f4347e22b",pe_f4twLKABVKEhadz,Inkoo,Kang,Inkoo Kang
"0ca31c32-89f3-4e1b-b93d-732df237191f","7a131aac-55f4-4a5b-80d4-406a70acbab0",pe_ETbNBIyGJDtv42a,Demma,Strausbaugh,Demma Strausbaugh
"0e091653-50b1-49a3-b338-42561ad1200b","38c86723-ef2c-48b5-b4a5-2ba5b9dba02f",pe_K7s8a8c7pj00U0s,Alex,Trepane,Alex Trepane
"0f509be3-e1d4-4efa-a00d-2a8ba0187eff","34c51df6-1d5f-48dc-8d12-46112265bffb",pe_bdGzpOFFJZNuGn3,Scott,Reynolds,Scott Reynolds
"111a1b14-565e-475d-a418-5404d3b5685d",a6c933fe-a4e6-448d-8d3b-50d1f9111dfd,pe_hEYxIpgs78gg2u1,Helen,Shang,Helen Shang
"1155fc0b-d5c9-47f4-8f26-2516f2a8bd8b","36ae7cd8-a6b7-4aab-886f-077f3d05c803",pe_t3M7elcqPphne1N,Rebekah,McKendry,Rebekah McKendry
"14e94928-cb49-4f09-a0c2-dadcc5d80167",f7dfdac4-9c1b-468e-a62e-9e91f033e262,pe_HHxSDMJ522jtUXx,Jacqueline,Coley,Jacqueline Coley
"150f92eb-ce74-49ca-89a9-89496567012a","560fc15f-2688-4aeb-be25-f4e938806ebc",pe_zVz8WpcSgTb5tQU,Eric,Plese,Eric Plese
"16d98578-1ea2-4f86-b195-5d28f7adc83e","603120cb-961b-4bae-9097-82c5d35a9bae",pe_q7c5kl1ysgk8sO1,Eric,Pennycoff,Eric Pennycoff
"19356ea2-3c8b-4768-b070-4483a6790e0c","0daed74d-916a-4662-8660-4295f1c53661",pe_BIaTNhUigyIv4IC,Samm,Levine,Samm Levine
"1a05083e-48a3-4d0d-ba9e-13eac239c851","59d4402b-7287-4e6c-a264-2fb212a8f5e6",pe_mTXd0MfxCqqQWwt,Steve,Berg,Steve Berg
"1a15b8c9-a2d5-4edb-91c1-f91aa7b218de","32a71697-50cb-46f9-9ad7-bf59f158fa71",pe_1xQHNBtQVG5GrVx,Joe,Lynch,Joe Lynch
"1a5c3b92-5308-44da-8a45-72c669c440cc","0b3278b9-2e77-403e-8564-2be48e6c498c",pe_YzF41IXVt0ifZ74,Mike,Scollins,Mike Scollins
"1f6b2268-f4f4-4e4b-a7ab-989265a2e0b4","7169e2aa-75a4-4fd5-a801-c247c6b7f866",pe_V9XHKOBtDHksoOr,Matt,Singer,Matt Singer
"2037363e-1c13-4abf-83b1-e47513c52c62","0d0727bf-1092-4822-bd91-22ab03bdbdb1",pe_LtLL4tejeVFqxyA,Sean,Keller,Sean Keller
"20d765fa-1c31-4083-8d23-650021b9e859",c184b579-782d-4326-95ea-4a89ad771868,pe_EhAjhrVPTZoGyCC,Emily,Hagins,Emily Hagins
"21433cf3-09a1-42c6-ba8f-2ab7cd926786","7ac163c7-cdc2-468b-a9c6-dde6ff272237",pe_Pg2LKFZwBA0sMNG,Luis,Rendon,Luis Rendon
"21ae91e1-5d13-4515-ba9b-a5e1c29565d0","8540abe9-827a-48ac-a851-2a2e55080568",pe_eERxl99GNU2Frkk,Dave,Holmes,Dave Holmes
"21fbdf25-8392-4a26-9e19-7ddc3ab9f25c",c93e416d-a015-4c87-be44-a46fc9094d62,pe_O8geBqvI7VI6D5M,Henry,Zebrowski,Henry Zebrowski
"226b7eff-cbef-4c59-84c3-08ee2b0c3a65","49b34962-55cc-4c35-b3f6-5546c1b69952",pe_d2wIiVGwqVSZBeB,Josh,Miller,Josh Miller
"22b8cfe2-4ae3-4b46-8d04-912905838eb4",d4278f24-8609-4c0b-8038-4ad23d403cff,pe_R5MOk1MECuybHMk,Bethy,Squires,Bethy Squires
"233d8a86-44b8-4579-89c5-abeef9e92943",c46e7d18-67be-484c-9e7a-549b12b9bc8c,pe_XIc7p9Mj3dmyvlj,Walter,Chaw,Walter Chaw
"239cd449-6f02-4d9f-9f04-832d11e104f9","2538d178-6a35-423b-9dde-8775c8f184ed",pe_TmEtqeCVtucfDNz,Maureen Lee,Lenker,Maureen Lee Lenker
"24a490d5-f7cc-4d87-86a1-9d3fa6742507","8cdc741d-a2ba-433f-bc39-36c6d7cfc653",pe_AA1YOqSqgwYoCcq,Brian,Saur,Brian Saur
"25a300ec-582e-4512-ba2d-909cda3e978e",a0a1d5c8-5de7-4d9a-8306-f6e4b962ca13,pe_ucPcTyoUice3vij,Liz Shannon,Miller,Liz Shannon Miller
"25bb4bb1-946b-40c4-a52f-9efdc414024f",bfbb1b24-b7d7-465d-8b2a-8be787d4c11b,pe_qxaLv3nTNTjZqtF,Ryan,Marker,Ryan Marker
"27996f9e-f8c2-4150-81c0-856138d43671",e4a875c3-41ef-44da-aea8-06f1e16ebb19,pe_jFw7ebmX1JiapSI,Kate,Freund,Kate Freund
"27ad5d58-5d98-431e-8994-00b6e5c6500e","82fd66a4-9981-4815-b1cf-bd5523e5c894",pe_dUoRMutIbi0OaEU,Scott,Beck,Scott Beck
"28ddbbbe-1ead-4d8b-872c-d0dbefb5d3fe",f4cbb2e2-8d3a-4937-8e58-55179a17f802,pe_A4Yri34fG3irgmJ,Matt,Perez-Mora,Matt Perez-Mora
"2a790c24-f108-44ff-b6c2-13782f6fc348",a656a700-e427-45c7-a83a-d00b954eef7b,pe_Rq4nO8eQ83cSenx,Elliott,Kalan,Elliott Kalan
"2afcf14a-7778-4d42-8578-480745e3b606","815ca72f-624e-48d3-a3a9-e3085e115667",pe_RDPtclIr17g9GKp,Eric,Moore,Eric Moore
"2b5f0dc3-7593-45f2-8cfc-190bb9e20829",f55eab8e-ee3c-4593-bd2b-0a9fd78c68c2,pe_iZTKcFfzSKJxgc1,Blake,Howard,Blake Howard
"2b669912-51b5-487b-9057-3733cda51270",d82618a4-f028-453f-922e-0a9191023325,pe_voTWpASoeXPJq8s,Vince,Balzano,Vince Balzano
"2d08be35-cc08-42cc-afa6-6acdd2c788f6","547452e6-b99d-4a88-897a-2a9b4b8fb6d4",pe_6H9COgy5oOigAPP,Jon,Gabrus,Jon Gabrus
"2dfab435-f2ed-4c9b-9287-6fcea11686f4","357c088f-8621-4ac6-b20e-20f2656ef3b9",pe_nu1rdnThiZxXzi2,Jason,Revaldt,Jason Revaldt
"2e4f039a-f60c-420d-b254-542bc30f4c24",a3fb0817-a50e-4b01-84c6-265ad3532ed0,pe_sdtbyRla0v4cGww,Alicia,Lutes,Alicia Lutes
"2f03e77d-d815-4747-993b-bf0439b90e37",fe6e2935-7c7c-4163-bb66-9427d0c7964f,pe_ztpIHchs0Ha9Dn1,Matt,Mercer,Matt Mercer
"2f1591ca-a663-433b-9caa-313426977e7b","2939829d-b574-4dd7-9125-70de67092a0d",pe_3bKRpg1Ihz88AHU,Neil,Miller,Neil Miller
"2ff0da88-be12-4abb-9eff-289d94f0d19f","8283eca0-477a-48ed-906a-59fd70371319",pe_qdwggfn0AouM9tc,Chris,Feil,Chris Feil
"30e5adaf-aee5-4fec-8e7f-3df102ff92d6","6ef09991-9404-4a79-9107-842cda91999d",pe_QTLf1msKeTP1psI,Cody,Downs,Cody Downs
"319f943d-10c3-46f0-bfed-3714f8899fd4",f9752164-da4d-46ae-85cd-961285700ac2,pe_WbOw4L8ekPrCSJI,Amy,Nicholson,Amy Nicholson
"31e4dda9-2b82-4f62-a557-d627bcf939ab","332e0c99-70d6-46d5-9fd2-96e276d8a594",pe_VnjjqXg3XoRQ55r,Henry,McComas,Henry McComas
"324c36c6-e987-49aa-b667-4796cc4f9893","54685cb6-f7f1-464b-a75f-2506ac441d41",pe_QJBERfpHr6RG273,Anna,Bogutskaya,Anna Bogutskaya
"34b207e8-78aa-4cae-9c72-63b0feed9666","4a7a9340-c737-431e-9abb-9f18ffb77e0f",pe_62pdGDkOjeGfyg1,Meredith,Smith-Hitchman,Meredith Smith-Hitchman
"3625715f-a8e8-4bc5-9e49-93a1e6342eab","2052e7f1-5d5f-4f7d-abb5-1c88693aa269",pe_pGMyZz3rBtkWNY8,Jeff,Cannata,Jeff Cannata
"366a5710-9735-45b2-a928-a17ec4f4e38e",b62e3d11-53f9-4cd3-a8fa-b9dc826cb161,pe_9EYcD8pGdzSjN6V,Blake,Masters,Blake Masters
"3714210d-a2c1-4279-9f4c-800a7d6609b6","80836b6c-f4f0-4f4c-ba34-aa0e1351251d",pe_HrnPC7uzbUS49M0,Josh,Larsen,Josh Larsen
"39758bba-8ad8-4f85-8a98-bbb6696ee439","86198902-75f8-4846-b018-bbf673d92388",pe_YzpwJv8WJ65q8Sn,Andy,Levy,Andy Levy
"3b277285-87c4-4544-8ea9-35c708f33fd8","91e40f10-c509-4ddf-ac38-684b24ce3f82",pe_J7UnpfDi5q8q2ug,Graham,Skipper,Graham Skipper
"3bd83e6b-590c-4523-b8b1-5b37ebf56122",b58b0a05-4f2e-4190-9c7b-0d3fde95c6e5,pe_9sBj9Jqo8sdyuys,Dave,Gonzales,Dave Gonzales
"3c2e0d0c-c16b-405e-a1f1-b81d34823418","70ea4341-58c9-447b-bd20-21b5cb291ae7",pe_icEKlnm0zPCNoHu,Angela,Matano,Angela Matano
"3c4e9430-c21d-4c8d-bec2-829c036cb80d","08348db2-9233-4d9b-84ad-9dae17afd94b",pe_KwmI2zEuy6bF88l,Devan,Coggan,Devan Coggan
"3cf53fd2-bb39-413e-ac7e-07f0d6a2f68e","050b73ef-138a-4a9b-a2e4-e73a5d38c875",pe_Euy2fLZZyL6tWcA,Simon,Abrams,Simon Abrams
"3e0bc4e1-7109-4398-8ff2-3caa4f806e25",d8f2729d-be18-483f-bfa7-d1dde1a8edde,pe_hXAz63cC89xK8E9,Breanna,Whipple,Breanna Whipple
"3e946385-90a1-48ba-9d38-02d635da135f",bf16e408-4bbb-4ce2-9c3f-cf20d6d61560,pe_Lqz0NAcJOoVoKin,Jason,Shawhan,Jason Shawhan
"3f591726-1a42-45dc-8773-d2f3970896a2",c2a9912a-0fe3-4a81-bba9-a8eacc00cc22,pe_XNhgKy2ZDMqZScW,Mitchell,Beaupre,Mitchell Beaupre
"406a81a1-572e-4e88-90df-d496a3dc2918","7da1d7af-71c3-4a22-809a-ac2686dc9698",pe_oCYv7MCnTixbWqK,Louis,Peitzman,Louis Peitzman
"41354b7b-fda1-49fa-bcf1-97efb64cf811","8cf02c0d-c240-4120-8925-3b54ca3a321e",pe_6asSrZRE4ZIX37j,Wynter,Mitchell,Wynter Mitchell
"413d6d90-69c8-4ffd-89d4-f1f0ca665368","8f1b1d9d-00a4-4ed0-a093-282b5137b6b5",pe_JZOKHq63pr58OQo,Esther,Zuckerman,Esther Zuckerman
"417ee3ca-42ff-4d87-b4ff-feaf2e2b84a4",e5d5c837-41f8-4f4d-a0d0-29b9472f21aa,pe_2P3WxTpEkFeIUg5,Clem,Bastow,Clem Bastow
"4227378c-cd5d-4d93-b4ce-42370e0c4bbd",b403ae94-ac97-4e02-9cdc-371505af93ef,pe_WysYXvWEhdbwCO1,Phil,Iscove,Phil Iscove
"4227e713-71ed-4bda-8c3d-33ff50b10eb6",e1388936-afa9-419d-a576-18c205958378,pe_2vCxFIQ0Ubzp8Qf,Adam B.,Vary,Adam B. Vary
"4440c44d-598c-40a3-acfc-5ffc965c7f5c",c180709a-48e1-4f70-8e85-1ab634450b67,pe_nrRhylQO6QoDvFZ,Mike,Makowsky,Mike Makowsky
"461c5bb1-ef8a-44ca-a47a-1fc24413dade",ec8e15e2-0ec4-4de2-93b5-956c8b61206f,pe_Jrte3xvPC9lrv24,Ify,Nwadiwe,Ify Nwadiwe
"46ab4c9e-9f19-4fad-9d93-95cea00315e2","9aca89b5-3520-4db5-98aa-473a5a22cce0",pe_Z23meOnAiQclEoL,Jordan,Hoffman,Jordan Hoffman
"48484ba4-5e5d-49fc-bf6c-228eaf0b9ff9",c5ec2938-76fa-45cc-8163-e6a3afd1af8b,pe_0YSEEfOaI80Z62Y,Harmony,Colangelo,Harmony Colangelo
"4a1e0bf1-95fd-41e5-a09b-698185e8b9dd","20157dd5-8eea-4dfd-a40c-5dcdc917c98b",pe_V24VVG9DVmF0HGd,Derek,Lawrence,Derek Lawrence
"4aaddf61-8fef-4df5-9168-276b307b6d13","2a2be584-1c65-4137-b981-224e15d78e9c",pe_csb9kweYIojtQ1A,Mallory,Rubin,Mallory Rubin
"4b756e44-c41a-4813-a2f2-24031765243c","15bab3a0-7ed9-4877-b1e4-f4601cedfdd6",pe_GWmZzAKSwHKUxre,Alison,Herman,Alison Herman
"4cba36bd-3e58-44c5-9f07-55c6a777e89b",df467128-557b-43e9-9597-784d79009179,pe_zjQll3hyByfQX2g,Mike,Ryan,Mike Ryan
"4d15076e-5923-49b3-aa52-14737d92827f","39620ca9-cc23-477f-bd6a-d6fc3c7e692e",pe_rOfMo3JBblvF61g,Robert,Butler III,Robert Butler III
"50cbc02b-21aa-421a-a031-27fdfbc0ca7d","7cbe5a72-ecff-4079-89dd-f856a60cbc03",pe_DHr0smyPFKymCti,Daniel,Crooke,Daniel Crooke
"5155a6dd-ba9a-486f-87da-f75c1878ff63","55ab63d2-b2ea-43dc-8d42-b259e053c36e",pe_lu1vFu7UjZIhCXP,Dave,Parker,Dave Parker
"518358e4-ad2c-40e8-85de-67da4d75ae45","95fe4315-4794-454e-bdc1-4a869fc2bd4d",pe_9dDrbtujemoytFP,Josh,Baker,Josh Baker
"54360bc8-b247-40ad-9e67-08debe91bd5c",d1c4e31c-88dd-4726-973d-03c6bb34da76,pe_72RRLnoicGickVM,Patreon,Members,Patreon Members
"5438981e-e278-4a9d-b61e-9ee6d0c9d6c6","32f8023e-5adb-45da-8964-3e4cf123e2fb",pe_93usj6s7SttJZC7,Mark,Harris,Mark Harris
"5536c58b-40e1-4ac8-9e94-66510139b033","929b2f3f-e3c3-407f-82e5-b7eee40bb0cc",pe_4dr6cWoefI0MCvR,Dave,White,Dave White
"56c288a2-e163-489d-87fc-e1e9487cb663",ae3afdb1-4149-4517-ba57-93dbd8551011,pe_Ehq5XzoWhjULNNw,Beth,Accomando,Beth Accomando
"58a97f85-58f6-498d-b4bc-36883b981972","0dd91c47-dc18-4880-9005-5ade4a076fb3",pe_qebnlKOK8E3kQBV,Juan,Barquin,Juan Barquin
"592ebf17-a1ba-4e31-b8eb-6f34e9406af8",bd3b7d47-f0ab-4d70-a8e0-b002ce3d00ca,pe_3YMvRGAP9Wso4cc,Linda,Holmes,Linda Holmes
"59e39942-3298-4ee7-9dc8-9ac6c0517ea3",a5534fdd-e09b-407b-ae8d-8f255038bdbb,pe_iSLya6NThtEniRf,David Ian,McKendry,David Ian McKendry
"5a0464ae-0a94-426b-9204-135ed7098da4","9e6b3361-1709-448c-b6af-ae1f7bdaa49a",pe_XAAnfVVAzn3Xh5G,Bilge,Ebiri,Bilge Ebiri
"5b85a90e-d0e8-4973-92f1-6958188da003","901da906-f935-4ac6-bcd5-e1dc221e5f85",pe_v709whSuu8d4zQu,Eva,Anderson,Eva Anderson
"5cd8ce02-c343-4e23-a299-b3900b31f1ca",e492f691-b12a-4990-8034-2452ee0de630,pe_GaBWRmdixaM2DqC,Larry,Fessenden,Larry Fessenden
"5d67c3b8-ca64-4199-8244-006d6ab0815c",e3a18fc8-48f8-42de-baaf-c0551767ffc8,pe_tu1b42U8oIKZ7eT,Jill,Gevargizian,Jill Gevargizian
"5db5ab34-5745-4f52-ba95-35d4942d2ce8",cfb16b6a-e612-4611-a9cb-b582ecdfbfa1,pe_fZqY9YtutnULLxI,Kimmy,Shields,Kimmy Shields
"5f6d679c-06a9-4af3-9482-2b3ebbed0d38",b748a7be-e0d3-4267-9701-c60e1a84647e,pe_8yf2GyHrPaDVljw,Grant,Moninger,Grant Moninger
"6201c35c-24ad-460a-bf5d-8f492302a79f",e65f5c71-2070-456a-87bd-86450e82bfd8,pe_Tj8LObqpubYmby1,John,Freiler,John Freiler
"626f722d-ffca-4542-8a1a-48e371f24afd","3de827ef-e189-4bed-b4ca-d4ab4a4dcf59",pe_6F1sWtWu0lYU8z9,Jordan,Crucchiola,Jordan Crucchiola
"629219e4-b619-44de-9d61-607785775183","3abe3640-f5da-4c69-8ef4-89b5bd9a23a3",pe_x9K6ghe47sqJHB5,Kris,Tapley,Kris Tapley
"62ee7d57-fa9c-4abd-b372-67d701f4dda3","45f621cc-ce85-427f-aadf-637f62eaa133",pe_Kisy0d3cVa86hW6,Daniel,Fienberg,Daniel Fienberg
"635e7edc-13d7-4874-9137-3dada1e31259","1b8154c6-dd89-466b-ba39-67534bbbcc81",pe_Bs1i5PbbPW2iQyL,Chris,Amick,Chris Amick
"63a116f8-2172-477e-a2cc-becf3e7bcc0d",cfacdcec-f798-4ce3-a0ee-95d4f683b2f6,pe_UHnwLMsDjQVMx8C,Brian,Gillespie,Brian Gillespie
"648fad58-76e4-4a7c-9885-443716859351","2a446ed6-9c0b-41a2-985d-87171eadab08",pe_PTfjuzv7EDw503d,Katey,Rich,Katey Rich
"64ac92eb-59ea-4e32-80b1-c5c330799417",d6ed2f1f-dcca-4df3-8b4b-30498df9482e,pe_OuWt3Sadagp2GNH,Pat,Driscoll,Pat Driscoll
"6588992a-1620-44b2-8635-ddc1b3cde321","06f2f179-140f-4867-bdd1-a05789f31d66",pe_Ct2INTRF05d8Ymi,Jenn,Wilson,Jenn Wilson
"6777873e-0097-4fae-af96-532c8613a9f5","476e936b-2712-4981-9683-4b30ae3c08d8",pe_hiRo70YxgEBm1Lj,Heidi,Honeycutt,Heidi Honeycutt
"67f1486f-66be-4422-98aa-e9342cefc4d6","92c7488c-e2e8-4ceb-8181-4ae544c47e6e",pe_6hh0xcMFbGKGHor,Jen,Yamato,Jen Yamato
"68352ab5-719f-4654-b6c4-0942ca017118","93dbc513-0434-4325-ae47-944c43775278",pe_sZEN8JhzNm6HNVf,Patrick,Willems,Patrick Willems
"6889188a-fbc3-46cc-88bd-4901a2bdbbff","74d79c2a-1d71-4df5-943a-e6cdc642c5c5",pe_fKduPTsTFeGeDoU,Scott,Wampler,Scott Wampler
"69df60c0-385d-4c17-869f-edc777ca142e","9ce0b0ec-2335-41f3-83c9-5b9908377513",pe_6tS8W7Y7wZCgEzL,Justin,LaLiberty,Justin LaLiberty
"6a047436-f520-4389-b66c-2c85c28bb3c3",b1893609-9d60-4ad1-9c60-faefbec93017,pe_wzSzo0kXhtZsfyA,Emily,St. James,Emily St. James
"6a0abd2b-fb5b-41aa-873b-8858f24a665e",e1daec6f-856d-49ec-94a8-8490920f0965,pe_Ht8btxqgB2NLgNo,Holly,Thompson,Holly Thompson
"6a50e011-6a1c-498a-8aff-a15283e8bea5",e3a350e5-8a95-4cf7-ba2f-1e22f874f8de,pe_HW28zazbfgQ9CyS,Sarah,Sterling,Sarah Sterling
"6bdae0be-c2c7-4d67-a33f-63522639ef49","8cedce19-2010-417d-b60f-125962ac1743",pe_GzQvQPX6gwkJOCL,James,Ponsoldt,James Ponsoldt
"6c9c1fe1-011e-4584-a5c5-57f8d94a1e61","2814afab-6413-41db-9296-515f32e727f9",pe_1yW6W3U0lozczTT,Nick de,Semlyen,Nick de Semlyen
"6e24f6fa-030c-4298-a877-b9a4c8781c93","81e8f15d-0903-4fb8-bb69-53192b706396",pe_pkiNyXe3Xi1PV7f,Brea,Grant,Brea Grant
"6e902598-8f64-4e20-9a6a-367e931708f2","496c5cd1-e4d3-4466-8187-2355229bd7ec",pe_scq0RagLSN4bgKA,Cory,Everett,Cory Everett
"70358bbe-d88a-44ed-9fa9-2661fa49f76b","8e5deb4a-7f49-40b5-99b8-0530648743d7",pe_jXcOFtDgi8e94ZT,Joe,Reid,Joe Reid
"70ba8da1-d7b0-44cf-8da9-b20b2c6b2268","7485d41d-d875-4010-8a5f-72daedf57109",pe_EizA79C6Do0FbGK,Mallory,O'Meara,Mallory O'Meara
"720d669c-15bd-4415-aad9-1f43c1d9873a","247ef5d2-67d6-4e70-a5f9-2a8a4e2e2007",pe_k19K8hDInQTnzhk,Katie,Walsh,Katie Walsh
"72e5cd5b-94e3-4bbf-a21c-9a7782aa37ee","360c4b0d-c6d5-46c2-8268-5ca62543dcf8",pe_nCmVdjkyJ8WjTGX,Jonah Ray,Rodrigues,Jonah Ray Rodrigues
"73a88a4e-0857-49b3-82f0-cbb84200051f","41f01576-264b-496f-b333-c30b022f358b",pe_FvxyC5BWFG36wxo,Oriana,Nudo,Oriana Nudo
"740f1008-a068-4d1c-b67c-b2f08fe8ae38","8bd79812-af44-447f-9911-e0289f145495",pe_pxuzzYKm5543vpI,Eric,Darling,Eric Darling
"7490ca1d-0d68-4c0d-95d6-4f1238122b76",b4d1f9da-25ce-450a-9fca-f99943576fb9,pe_FSbag3Nnxebm0Cv,Larry,Zerner,Larry Zerner
"78103f30-058c-41e7-a2c2-f0c8516fb1a2","27ac7ac9-5f38-4552-b344-1d7aec01c0af",pe_MZpONTqIHghb1rc,Frank H.,Woodward,Frank H. Woodward
"788ffe92-04f1-4659-9268-8cb76888dc2a","4a84c455-e52d-42aa-b872-45f6271b3a44",pe_iKNHLwvkozEXInS,Angelique,Jackson,Angelique Jackson
"7948f68b-ce50-41b3-ae55-f3014de7c474","22671e21-4ca7-415b-b093-90059706b060",pe_5MPUGEPBrvqmFwm,Danielle,Radford,Danielle Radford
"79b00354-a276-4014-a7a8-569918b1d1c6","4e3d5683-b4c3-4519-921d-2d99abc1fec6",pe_drsnmXwlemjeiRS,Nichol,Lovett,Nichol Lovett
"7a3d6f24-1d67-4528-bf08-f82725e9acdc","705fc6be-997f-456b-8a4e-abe8df872088",pe_3OCX3waXF2O811u,Mia Lee,Vicino,Mia Lee Vicino
"7a940cdb-ce83-470f-9f13-02def3a84c66","0b7524ff-d30f-42e7-a35d-cba26cf52591",pe_Y4pIUDC8rbKm5mC,Kevin,Avery,Kevin Avery
"7b014474-6d72-4bf4-b303-64a3c1fabaea","7fa21da2-7958-4246-a7ed-099641d88f98",pe_y9JDEQKtVKrexVB,Kay,Hanley,Kay Hanley
"7b07db97-0c94-46f9-90e2-f72c3aa32891","6a7b83ff-fe7e-49af-988f-25d24a1f0d2c",pe_b3DQSTMYlTeMxbl,Carrie,Wittmer,Carrie Wittmer
"7db03e28-d614-4837-9130-96859e807a01","74001dd2-efa7-49ef-aeea-f911fed5f9a7",pe_NssuRTA9au5h2he,Zed,Cutsinger,Zed Cutsinger
"7e74e476-6ea5-4f6e-a19c-f83e1682399a","7a4a0530-3dac-43f5-b932-bb789c9fd8cc",pe_LOOm5AAJL2WijtU,Karen,Tongson,Karen Tongson
"802a42bb-3ae0-4fa3-93eb-a31410e3d0dc",cee7ae46-0993-4e1b-b551-bf3348bf4904,pe_BmUsnZi2mdZRZ8s,April,Wolfe,April Wolfe
"80b42ee1-2f38-467a-803b-8fc64e1fa23a",c002905f-12e4-4254-ac55-101f0c19139c,pe_lxhUdk80OrjLKsK,Darrin,Navarro,Darrin Navarro
"81c5486b-36d8-4f7f-9e79-1d6d3cfbc631","9de5ef84-369b-4b7a-be9a-a0a05a375b06",pe_eQysZS4YdNzf7T7,Miguel,Rodriguez,Miguel Rodriguez
"82730be2-dc96-4395-b981-4a68f4284ca7",a7cbad87-0e47-4a7f-a064-e146e5a6cd0a,pe_wnYk4cbaANMDIyl,Anthony,DiBlasi,Anthony DiBlasi
"82ab9464-bcb3-440b-9bbb-856a8df079a4","79cdd010-484f-4fb8-bc78-b640277709da",pe_L4RgK57afMSZc8v,Evan,Dickson,Evan Dickson
"82cada72-d0f9-47b8-bf3d-655305ee672b",eb896cb4-097a-4878-abbf-03e7802197d7,pe_YDtkAYDhSeXIE35,Drew,McWeeny,Drew McWeeny
"83977e50-fc16-42f0-acac-7dfb9d0b6ce1","0d1f252d-ae22-455e-8e6b-6acaa0c40d6f",pe_p0LMFK09XQ3He7y,Darren,Mooney,Darren Mooney
"843ca324-6fab-401d-a0a3-eef30a603139","3d526d8f-00f4-4ada-831e-06a17f06cd32",pe_O7OZrSPV2KC4R2v,Sam,Wineman,Sam Wineman
"8468844c-726b-4800-bc21-11777509ad5d","0507c9df-83e2-40b8-9bfb-58319cae3343",pe_iD1VEAn0g2xFHo8,Beth,Crudele,Beth Crudele
"85b11ef7-40a7-4717-9750-fdeb01e2f68c","3ea0febd-d2cc-4c18-8c0f-988294d05b4a",pe_Cmk0o42ZpjOjCzJ,Juan,Quanito,Juan Quanito
"868444fd-61e6-49ae-9d93-54263580ccb3","9cb2f4bb-3e96-4a0c-8166-3739f8a81d8e",pe_eaECoMo4VpJwS9w,Dave,Schilling,Dave Schilling
"87e97335-9218-4ed2-aba0-987fc38b7aac",be0c24dd-a606-43c4-aff3-ca3faec01bca,pe_oF0j42H272xXBqG,Milla,Bell-Hart,Milla Bell-Hart
"87eea54a-14cc-4894-bfb5-af1286cace4e","3a4a826f-394d-478f-9208-8add8957268c",pe_jtbfHu4vTp8QFwD,Mike,Dougherty,Mike Dougherty
"891098f0-f293-488b-a05d-a789214077ce",d86cb0bc-59bf-419a-b391-d6ace573300d,pe_jzhq07fVLKQ6XCc,Julia,Marchese,Julia Marchese
"8a8d753e-c858-46ba-845b-b2279b50267d","76b3a685-09ff-430b-9e5e-0bcf48e4edf5",pe_3FZoPXjhEioG8bk,Libby,Hill,Libby Hill
"8b6379fa-3483-41f0-b15a-a3eaa7ffbde6",e6b2164f-c6ae-4dd8-ac12-26bcaff47b5c,pe_ZBpUnh5D2LoLli8,Ash,Crossan,Ash Crossan
"8cf32308-237a-4f4c-a64d-fdc2f50f6f6a",d0bfd74f-06a6-419a-9ac8-7be4d343704d,pe_ZWkOsQFejUUyezw,Dane,McDonald,Dane McDonald
"8cf51b39-bd80-42f2-a381-acc2958defb3","5d1bebc5-d882-4be4-8314-0eda2b77600a",pe_3hkhRX42xq5GAVW,Tre'vell,Anderson,Tre'vell Anderson
"8d315e10-c02c-454b-b41d-8d3b9c92d02f",eafa0fc3-5246-4ca7-81d7-a9fda54b8ef6,pe_Pi7XYBFtbIaWYTY,Britt,Keller,Britt Keller
"8e2dc967-de4b-48be-8df5-8265c7d3f86d","7cb60396-0cc0-4102-821e-2581a07a153c",pe_UFiIhdyjKE1GVeW,Ryan,Stanger,Ryan Stanger
"8e5b77b1-533e-4c32-af14-a1de8f10efbb",f4bd26b6-7b60-4eb5-b90d-9692dbc804a9,pe_nldFTrQDHjh1j4M,Jocey,Coffman,Jocey Coffman
"8ec29b5c-73b8-4c52-aa7b-25aeceaefab8","22d7e3ad-1d1c-4b3c-b434-306fd1cd6652",pe_NpDbHnvtYpq87ME,Chancellor,Agard,Chancellor Agard
"9100e7cf-b50e-444c-89de-0b657f981c14","65900e18-7ff2-4606-9c52-baef1efbc293",pe_P5t05CV5UzPtemz,Piya,Sinha-Roy,Piya Sinha-Roy
"91ae4261-c90a-4b29-b16a-ab4bce9a7357","65fe239f-5259-49b7-87f6-faf7aa07f9af",pe_uJWNI8aeRk3KzV9,Angie,Han,Angie Han
"9529cde5-62b1-496c-b6d7-d48be0919e9c","5b2af493-15c7-4187-99e8-99c10cfa657e",pe_v0XN8FFFuBtLVvX,Clarke,Wolfe,Clarke Wolfe
"95e44213-62c5-404f-b2f0-c14cba3d8bfb","2af4ded9-1fb1-4eb1-b223-3f26dbf8e9db",pe_0BBTslZVBAOgCPH,Chelsea,Stardust,Chelsea Stardust
"969d261d-d50d-4760-be1d-e8e8c374d294","58bcf25c-994a-4a24-b69e-3ffab21de7c7",pe_RmlFhBtEVMUxegr,Drea,Clark,Drea Clark
"9808872d-ca42-4901-ae7c-1e8da997903c","503f94f6-4c5a-47da-995a-aeb143aff683",pe_vJ2iv77KJDWamep,Phil,Nobile Jr.,Phil Nobile Jr.
"986174de-4c70-4af8-976f-75c8470344d1","2ebed4de-aac3-40e2-b8bb-1cce083468a4",pe_YQpVZeMJcM85KXt,Maria,Lewis,Maria Lewis
"98b5e2c7-f2ff-4843-8ddc-a99be675a724","50417869-2339-40f8-b539-1de9e678f4f9",pe_mrGRu92JAYa7wgj,Patrick,Bromley,Patrick Bromley
"99e38516-1417-46d0-b16d-991ff93b739e","5835dd78-cacb-4257-8e86-5b014923ccc6",pe_aCX57aKnHIPw3Jw,Amanda,Smith,Amanda Smith
"9a7faa2b-b338-46b7-b89a-440cecd3e971",b12455f0-3a40-403a-bb09-02f3b3233445,pe_N4ZeKNaSmeV3Cb1,John,Bradley,John Bradley
"9a9f93e5-b067-4898-bc97-d638eed130d6","8eed00db-06e7-4d05-a5d8-5717e57d9c88",pe_J3ZWGunqonqE7qg,Eric,Vespe,Eric Vespe
"9df46d19-eb3a-4625-93ee-0760696b47c7","5313aea0-fdbd-4a35-bfc2-59d74f7fe9f8",pe_GLHmMJKmquyIeXp,Megan,Amram,Megan Amram
"9f671222-ef6c-4c44-b6d7-dd0ab644460f","43d864de-f287-465c-aa0b-30f88eb0bb9d",pe_4UQ4JBwne6ih6yg,Alison,Leiby,Alison Leiby
a0a9ee95-c687-4d50-b10b-79ae2d5735c0,dcd6b69b-7705-4e48-a3bf-0a9d675ce57a,pe_Oe9JqpYcirwqP55,Riley,Stearns,Riley Stearns
a0d92d43-293f-449d-9242-cfe78a669091,"1ad148e4-586a-49e9-b007-4db14017e4f0",pe_zy82U7Rk0luIAn1,Alexei,Toliopoulos,Alexei Toliopoulos
a103a2db-ad03-4c18-8b77-e0a6b921a4f6,"25a15b03-a5f9-4bf0-a63c-20cdb3999dc2",pe_yhHn6nZETfsXSeV,Kyle,Turner,Kyle Turner
a29d1e83-1bb7-4999-a133-ef7a57fb3c71,"228b11bd-7700-4876-a9f3-98a3d62d62db",pe_IquVMdxAwJBjqe0,Cyntisha,Coats,Cyntisha Coats
a2f481dc-645a-4928-82c7-0f37df4a29dd,"4b2a54b0-47fa-4f49-aa18-12d9936e6ce2",pe_93l4kn5oylTENQp,Kate,Hagen,Kate Hagen
a4493ab6-a006-4860-ba23-4076cec60c75,a8b196b9-fec9-4e32-9562-c492e993e46a,pe_z68Cov0OVlRBBvv,Jim,Branscome,Jim Branscome
a5ba06fc-c58c-4dfa-acf7-c3f15b1a4ae4,"4da96eca-9d46-4367-854e-d43d9f2e9338",pe_Bbwv2zVB8feP0cB,Slim,Slim,Slim Slim
a5f17d59-1cd1-4bd6-a797-fb83482fc60b,"1b759463-0e02-4b06-af95-e4578b6ec18a",pe_GkOW7yKhIDCBmbS,Ben,Mankiewicz,Ben Mankiewicz
aa179ddb-e80d-4e09-ba8d-0b913170fb92,"852ab4f2-ad0f-402d-8e1a-d70f657bdea5",pe_LXSTIERvknevGDm,Jenelle,Riley,Jenelle Riley
aaee83f2-c58c-45b6-9ee5-839700c6eb2b,"83ee8f89-a611-4fe1-971f-0269323379ab",pe_ts3Us1ZqaKzMURG,Kevin,Costello,Kevin Costello
ac23d057-8927-4582-9199-05b949368ee5,"9c30ba34-3f59-4812-af5b-6945fd52448a",pe_YbRATzcBT43tNhL,Kristy,Puchko,Kristy Puchko
acb45ddd-69ce-479e-8e7a-66cea52b8f5b,"8c9435cf-38e0-4aa8-bef5-255670cd7068",pe_3c0WkmljPOLvOEA,Rachel,Walker,Rachel Walker
ae56e0fa-e1d2-4ff1-9838-2c39993d4d08,d5dcf04a-3c21-4997-8473-9f1a32bdec4e,pe_SbVgWefkwsBNDqK,Christian,Holub,Christian Holub
aec927db-3bbf-477d-8d08-8022c977a29e,a13fcca7-2b63-4ec9-90e0-560f0abb2fef,pe_aVhTABXfR4gVmxI,Noel,Murray,Noel Murray
af31e14e-653f-4dc5-b8cb-e36bda303299,ebf5a200-bf7e-46b5-b6c7-43e89ce0bf9b,pe_LvFyuuAX1W7duZ4,DeVaughn,Taylor,DeVaughn Taylor
af4a3177-a424-473b-95ce-3ebc1e342b38,b72160d3-30f4-44a7-bfc9-b62832e45893,pe_L9JlHh6aRcNDnnf,Brandon,Streussnig,Brandon Streussnig
afd89dbc-212e-4d39-aa91-4129e69375e7,d6679b55-5982-4fa4-943f-224ce41ddce6,pe_dSd73x5UNASNnPB,Billy Ray,Brewton,Billy Ray Brewton
aff4c11c-7296-48e7-a9f9-72b1c2db7602,"4daf955a-c8b6-466d-88c5-6dcb7c452c36",pe_zR1ugVOtJ17EsDz,Max,Genecov,Max Genecov
b021d64a-0430-4ae9-b551-ae85156fde40,"2bf5c9b6-b51b-4c3d-9a3e-b08b897d1e42",pe_XbV0XZvd4VSW0md,Mary Beth,McAndrews,Mary Beth McAndrews
b0302038-49c8-4235-9518-e1dd8e7aebba,d5741a9b-0fc3-405a-a0b2-976e7d4bcd52,pe_PzhS3WhBBLxVZT0,Halle,Kiefer,Halle Kiefer
b07bcabe-52fd-4a4a-9fae-6291f840aaf8,e5f7da04-1816-4786-946b-0223cddfb2c9,pe_KaiVs5sWhjOh5si,Jen,Johans,Jen Johans
b11df586-d976-4431-9327-1a8c2484d090,d01da8ef-d098-4d21-8e13-683bff71f4ce,pe_utEWm6stjsLnu5Z,Morgan Peter,Brown,Morgan Peter Brown
b15e63bb-5e18-468c-ad56-501f42fb1405,"3c067893-1832-42c2-aa02-740ee151a665",pe_e4D7QVRSYsa36EP,Chris Thomas,Devlin,Chris Thomas Devlin
b179b290-cc5b-4896-bc98-e61370226691,"716da192-55de-46f9-a659-e3d6bfcdc815",pe_2t7fbHvkxykr4sB,Ricky,Carmona,Ricky Carmona
b1fc809f-7337-4bbc-89a8-5c8c125ed60b,a11d0605-dbd3-478c-bb18-ba73be8df409,pe_5sWdOg4ZTKATJdW,Thomas,Grabinski,Thomas Grabinski
b2c1d124-cf79-44f4-8a6e-1adc4ad4cbe3,d1cba424-fbc3-4c7e-97dd-55f4757d3889,pe_ybz1Ing8Qwmghcb,Ryan,Estrada,Ryan Estrada
b49966f6-556b-4c3f-adda-d191fb7b55cf,e0bcf2de-9bff-4204-89a0-f89458feacba,pe_AN9VpYOCEmLNI5C,Daniel,Thompson,Daniel Thompson
b81528f8-4cf5-4de6-92f8-219950b68c48,"6814f4cd-dd80-4844-8fba-6fa034eebfd0",pe_SEX4gf706aWcHXQ,B.J.,Colangelo,B.J. Colangelo
b834f74e-5934-4134-bcdc-bc57e7c5c6f8,"31267d36-4d70-41d9-bacf-9593880c81b7",pe_KFtj62CZrr6ZRpw,Teri,Gamble,Teri Gamble
b83bca62-d7d1-464f-a3e8-8751274e9db1,c59d1813-cc8e-45ba-a052-cfc8898b6251,pe_xWCRP2pg3VVKDzR,Brian,Collins,Brian Collins
b9bb97fe-9122-443c-bdfe-e0bea6b49497,"101ab49e-cca8-4cda-8ba0-e5e78b6b8657",pe_xpu5ji9GYrXELUg,Mikelle,Street,Mikelle Street
ba45f2b4-f880-4187-90ad-3a0e4f9ff502,"952327f5-d0c1-4fdf-996b-48514671f495",pe_DnqQA0F1X4XPygd,Lucé,Tomlin-Brenner,Lucé Tomlin-Brenner
bb91965f-55c7-40bc-8d0a-3ddd04ee6b2a,b4d66b9d-dce3-4479-9910-3e54d120c45f,pe_rZqNmp0BXnocj3s,Ben,Mekler,Ben Mekler
bbb5d26a-051f-4e5e-8302-c6156d57f15c,"1cc722c2-8d41-4228-a3b0-928770282397",pe_5yzOfUdhINzOZmE,Ian,Karmel,Ian Karmel
bbcf6ab9-39bb-4efb-bd72-d3d46d57e966,b17c4175-a97d-4e90-9cdf-c18918e40869,pe_Ykfas0laWarmbFL,Frank,Dietz,Frank Dietz
bd2b0b35-ab83-4ac6-96b0-65044fff0747,"5c7afdb3-d8c3-49a4-8e1a-36a0cc9d5df3",pe_905uBXTLS0qOcP0,Kenny,Neibart,Kenny Neibart
be55151d-059a-4a84-b11a-71771844e109,dd17c771-e514-41ac-b331-3ccffa4844c6,pe_S7Z1fNXT47whZLI,Jordan,Morris,Jordan Morris
bee988ab-7a2a-4c44-8a45-99c90c541b89,"5af3838b-234c-42a5-b896-8864a1353e6f",pe_SAkaHm0viav7q3S,Alan,Sepinwall,Alan Sepinwall
bf14baa8-cf3a-4356-9931-31191c41dd45,c513dc18-bd9f-46eb-bc43-2be75fbfc0f9,pe_CBT2sluHmqM7NdM,Jason,Sheridan,Jason Sheridan
bf39409d-d91b-42ba-b9c6-260647fb0f66,"0593bdef-4c41-46af-9637-a5fd2bb04467",pe_4Kzv4b1ZlWlSIhW,Chris,Scleicher,Chris Scleicher
bf39fedf-4069-46c6-9cea-f3e9a53bb2c2,"471768b0-4ef4-4699-9364-2a3ccae98ffb",pe_m4VnmPl2DkB8Lyt,Joe,George,Joe George
bfdc2284-8039-4529-91bd-47110a74d690,"4c8bdfdc-7eb9-4934-80d7-46148a95e625",pe_FtZ2My84La3boGq,Toshi,McWeeny,Toshi McWeeny
bfe77102-25fe-46f4-87fd-a7f13e4504b0,"5ba8bc8e-31ce-4ed9-9e31-08a75900b11e",pe_OMDxVcAoO8tE9ji,Ben,Hethcoat,Ben Hethcoat
c1f55342-4afa-466a-8ae3-3fce6715c311,a4335bb4-fad4-46c6-aa10-c247a984bc07,pe_D95M1pWQxGE1FaS,Mark,Rozeman,Mark Rozeman
c655cb77-a21a-4e5d-8436-df6b303b7f3b,e59df3e0-9a40-4044-bab6-769f288bd2bc,pe_KzahfUgTZn07UdI,Chris,Hewitt,Chris Hewitt
ca057d7a-c633-4c32-a8c9-87ea2332de6f,"2d03e45c-df30-4620-8a8e-85d1e8bfc401",pe_UV3ll668hKvLoeX,Elric,Kane,Elric Kane
ca06fbc3-e2f1-4820-ba3e-57653302b990,"1c96e909-d448-43b2-84e6-3d0421c479ac",pe_VzATzckzRpvZ1Z4,Alison,Willmore,Alison Willmore
ca524604-3a0c-4a46-a2aa-55a6b9840c29,abf34346-86a8-4098-883c-e00d731c9d41,pe_XUfaU26o5Ldsrbq,Bryan,Woods,Bryan Woods
cb3c0671-cc8e-41ae-b9fa-577886b6d055,cbf64e5e-87d7-43c3-b590-f375405fb8af,pe_3eW1DTr1J64WocX,Erik,Anderson,Erik Anderson
ccd79b60-68f1-44a6-a158-3535d1e49947,"31a0b99d-d8ee-4f09-98b9-833ca757cfff",pe_qypIr35tx0y4M3n,Jared,Moshe,Jared Moshe
cd0fd7c3-7bcb-48d5-bc5f-d2ac0e4d2dcb,"2baac10d-1f7b-4211-a7b7-e84562861519",pe_HqHk7tnKywx71DD,Aaron,LaPlante,Aaron LaPlante
ce3ff657-53b6-4e5b-a7dd-114583c21f41,b156a714-7e07-4845-987e-645849aa621e,pe_mYan1SySHyOgG0f,J.D.,Amato,J.D. Amato
ce86e24c-d4a6-40af-b9ad-20414744e515,"6a26e8ba-c7f9-4b21-8fbe-ddbecb60a2e6",pe_99CEYZT1xSw4WSA,Darren,Franich,Darren Franich
ced0ba28-0452-4854-82c3-2689a2406881,a749c225-750a-4ae0-991a-0e35f4eecdab,pe_D6eCHG0QSSBM9RY,Roxana,Hadadi,Roxana Hadadi
d0c6faa4-9597-4437-9c71-e43134f68fac,"38da8b0f-5cd2-4aad-82f4-127f993c233e",pe_gkslyUJZHmrhESN,Alfonso,Carrillo,Alfonso Carrillo
d1739da1-fb28-489e-8142-780f91a09085,d081697c-a73e-44e8-bdcc-a40e6872b2b3,pe_xBzYdSeCVaG10oN,Alec,Tibaldi,Alec Tibaldi
d47ddf47-6147-4ba1-b92d-acaac6a0349b,"8ee59968-62e8-464f-8062-39526615280c",pe_EKYhusSzQvBYRah,Guy,Branum,Guy Branum
d571be9f-50c4-4339-9115-90db579e9efb,"1fbc72d5-a8b8-497a-97a9-4de571de993a",pe_cyByMx90lFPLlum,Dory,Benford,Dory Benford
d5b1602e-fd61-4422-8f02-ea737669e89e,a732e1a1-b775-45ca-8c39-b677643afe49,pe_61NE8ESnHaXzMGP,Kevin,Tully,Kevin Tully
d5fdc69a-d567-4548-95a8-33ae7846b898,"5bdb16e4-bb23-4c46-8df8-32314da445bd",pe_bOWuZLHd4nUS2cZ,Alonso,Duralde,Alonso Duralde
d6fcf497-fda8-42b5-b287-3b90392f10d7,b7745f2d-8527-4ca4-88e4-f309c7feece7,pe_WioVtpqAN87effg,Dylan,Guerra,Dylan Guerra
d7c3d38c-0853-49ec-a259-ae17b332a2d6,"732456ab-9a50-4d4f-9d35-caa03036fee4",pe_euCCnUHIPzvdS86,Gavin,Mevius,Gavin Mevius
d8639065-423d-4785-ae5d-7ca8e950b338,f6a4fe2d-90b8-431a-b96e-c932226074db,pe_RVWLWAhCZKXbHZ1,Clark,Collis,Clark Collis
d8edaf32-960b-4f01-95b8-8e4422214631,c60549f4-feff-4978-b963-48949ca4cce2,pe_hQjz3BEOfsHybdg,Connor,Ratliff,Connor Ratliff
d9b782eb-dbff-4822-a707-936e52031bb3,"572ab52d-1583-47ef-a329-70661885c09b",pe_eZJy6LQQoKT7hFC,Bryan,Cogman,Bryan Cogman
d9fc9d79-cbeb-40c1-8a8d-1fead1da99a9,b9856624-9496-4f3d-a90a-8645e3f637f6,pe_TGM4fxgPeamYeLP,Cameron,James,Cameron James
dd11c0a9-213b-4200-aade-a1ae1e2797f5,e32a0ca6-4568-47a6-8660-a2d6b28e6971,pe_638H54KtoRATqRF,Imani,Davis,Imani Davis
dd322c39-7be3-425c-a288-4a0771083b23,d3047f8e-3eb2-422f-b99e-edba7718ae4b,pe_n3q42cXvmgipsJ3,Ashley,Coffin,Ashley Coffin
e162b66b-0276-40dc-9263-4fee5f88d415,c03b5123-b1b1-4547-94ae-c395a53f2643,pe_BkJgF9N72Z0Eaof,Samm,Deighan,Samm Deighan
e26a55af-f2bf-4c6b-8245-c296f6a9e853,"53d1bf32-2bf3-43a2-a02b-79f9f1aacacf",pe_c41Ls7w7rDaAo9d,Marc,Calderaro,Marc Calderaro
e277aad3-f82a-4486-8d10-7a68f70e8fc3,a407893d-20f1-4154-a01c-92a0910545c1,pe_iPqtfPMBCKMC67r,Kyle,Anderson,Kyle Anderson
e30aa858-e174-404b-a668-375bf60d9e72,"7250e789-0547-4e18-9a04-0228f0b9a4fe",pe_6S06I8qBm0VvFu0,Matthew,Krol,Matthew Krol
e38b2d6f-ff55-405b-9ac1-a4db3e478a4a,a9f3f9d1-81ce-4c79-92b9-57fd0748b53a,pe_jgZmhzJjWxCSgzk,Rance,Collins,Rance Collins
e489121f-846e-4bdf-afce-c55c942d5d98,"1e9e93f8-ffe6-40e0-8d1e-c99ddd42d6a6",pe_FssS7cwtd2b78SC,Clay,Keller,Clay Keller
e74850f2-4cb7-45d6-a63a-363ef64afaa5,"39788b48-cdf4-4dc2-b560-d72747788db5",pe_QRwpc1t7CwBJ5qQ,Andrew,Merrill,Andrew Merrill
e7c23fba-1d56-4366-a6e9-f1fa6ababded,ead25892-3b87-4ea6-9f4f-fa9912ded58a,pe_clLJd39wiziUesl,Andres,Cabrera,Andres Cabrera
e81df228-d8a2-4ea8-89c6-8ade72c26d7c,"0fec11a3-0468-4ce1-8055-cce7d0dfa2fc",pe_4IQQNY6upisRzUS,Rachel,Wagner,Rachel Wagner
ea0ef4b7-53c0-41ca-b7ef-6d1454d9d27c,"76a0feab-b0a5-45e6-afc5-0dbc85609214",pe_xXvQ92Eeit2Ny94,Andrew,Roebuck,Andrew Roebuck
ea84fbfa-757b-488e-bed2-e1fe8a23bf31,b6dfd8f9-3223-4a52-be2d-e7c866de7f04,pe_HxuzJ3Yamki6YN5,Walter,Hollmann,Walter Hollmann
ecd24582-5bf7-4c20-9525-32daceffb398,"1776fad4-b1e3-4daa-add0-c0515542bd2e",pe_Wqz4DAqamsLFuA7,Jonathan,Baker,Jonathan Baker
eef5c3ba-3b81-4425-82e3-9904bed89bd8,"1e11b741-983c-418b-bb5d-89052f42dfb2",pe_w7tvhO9FudAEeNb,Dana,Schwartz,Dana Schwartz
ef7daf01-238a-4339-8f05-2a5aae5d5d45,d0cdc351-ec10-4e3d-92ff-847b58b2a695,pe_DLElxJLmaqSOvQw,Zoe,Zelkind,Zoe Zelkind
f1e6aced-cee5-4ae4-926b-e5f6fe1f88e4,dd1e42cd-cd77-4eea-8115-d94eb48b8f37,pe_NcXadOycAyvrAWP,Renée ,Bever,Renée  Bever
f2ec9046-0207-4e6b-90c7-029545a66887,c507afa7-4b29-4d77-aa09-84e0ad265e9a,pe_AHLEtpzLuKQUtyH,Witney,Seibold,Witney Seibold
f31edfb7-a033-43cb-a6f3-c1a7d6633492,b47b1423-6c3d-4056-9fec-178836f2e647,pe_3GYuRKlHMeRgI0w,Jarrod,Murray,Jarrod Murray
f4c52e4d-fb3b-4297-892d-a4fd7d5fe579,d96aee7e-a752-4f38-822a-b344c5e3a9c7,pe_VDOZf7QdWac2Cb1,Steven Ray,Morris,Steven Ray Morris
f50bd37a-a7d3-40e1-858d-43eb3e919dbe,"1159f0ba-5365-4ff4-af0d-43b2e032c3dc",pe_bGfVFfqeSQahtvQ,Dan,Trachtenberg,Dan Trachtenberg
f735a7bc-08ef-4d44-a04d-c80fd1f653c1,c33ec98a-b39f-4330-8ccf-10be96d6f933,pe_t2qM3jneY8j81vR,Carla,Renata,Carla Renata
f75221da-c81d-48c0-880a-10cb90e33832,"85e6ff11-2674-408b-8e6f-1f295d66198f",pe_j6tyZGAbkesblX2,Liz,Hannah,Liz Hannah
f8569d17-5379-415c-9284-a3469bcd85ea,"648f6abe-49b9-46fe-a3eb-8074f1641ab2",pe_iJhWNSbHhZ1TLI7,William,Bibbiani,William Bibbiani
fc6a6d30-3eaa-4781-9311-bda47d5f7fd1,d00d0a0a-b1c4-4dcb-98ca-d90e82660329,pe_W2yH12GMPZNIaG1,Brian,Duffield,Brian Duffield
fcf12e20-5f37-483f-a75b-6d07b2bb1190,"06fc650e-b3df-439a-8016-55e747fd389c",pe_wGbFxhZn9MD3A5l,BenDavid,Grabinski,BenDavid Grabinski
fd5478b7-9973-46da-ac86-e90ad9523da0,"56668458-773b-4a32-93c1-9367cd827178",pe_n5zrImetxXfCpo5,Gina,Ippolito,Gina Ippolito
fdd69ce5-0492-4234-819f-68234de27e55,b5d420ca-b8f8-4845-9a0c-a4701446f8a6,pe_bdVCE8MlyI93hq1,David,Kittredge,David Kittredge
fe1aa6da-3137-42a6-8e16-601e6b4f4e8e,a230a18f-f12f-4f4b-b732-cb338f27582a,pe_MKFYLyFmdHkGme6,Demi,Adejuyigbe,Demi Adejuyigbe
