draft_public_id,episode_number,title,spotlight_description,spotify_url
d_7kR65xEG1E0rzf5,1,Threequels,"Darren Franich and Chancellor Agard kicked off Screen Drafts with the premiere episode, ranking the best third installments in film series. The show's first-ever veto occurred here when Franich rejected Agard's pick of The Dark Knight Rises; the first proposed ""trades for unused vetoes"" concept was also floated but scrapped after this episode.",
d_dJeLBt4yO3irthP,2,Visitors From Another Planet,Ryan Marker and Steve Berg drafted the best alien-visitor films with E.T. landing at #1. Two films were vetoed â€” Brother From Another Planet and Under the Skin â€” establishing the show's early veto patterns.,
d_snF0YJyTLGO2cbj,3,Audrey Hepburn,"Angela Matano and Tom Cendejas competed over Hepburn's best films, with The Nun's Story claiming the top spot and Funny Face falling to a veto. The episode featured a clean sweep of Hepburn's most celebrated roles from Roman Holiday to Breakfast at Tiffany's.",
d_4vrfSyHVWWfhVYJ,4,Horror Sequels,"Kyle Anderson and Billy Ray Brewton â€” billed as the first ""Scream Drafts"" episode â€” drafted top horror sequels with The Exorcist III taking the crown. Two films were vetoed and Brewton made his Screen Drafts debut here.",
d_d9PEoV17iO42Jhx,5,Teen Horror (Millennial Edition),"Piya Sinha-Roy and Darren Franich tackled millennial-era teen horror, with Sinha-Roy vetoing Franich's choice of It Follows and Raw ultimately claiming the top spot. Franich became the first drafter to appear in multiple Screen Drafts episodes.",
d_Cqn74xazoXe6uif,6,Stephen King Horror Adaptations,"Billy Ray Brewton and Heidi Honeycutt ranked King's best screen adaptations, placing Pet Sematary at #1. Both The Shining and Christine fell to vetoes, creating spirited debate about the most essential King adaptation.",
d_1GU4r9K6LlCkA1a,7,Time Travel,"Clay Keller and Ryan Marker's first head-to-head draft became one of the most-discussed in series history, with 12 Monkeys topping the list. Ryan vetoed Clay's pick of Bill & Ted's Excellent Adventure, and the episode was later featured in The Marathon retrospective.",
d_dRCKKy3GfHWo3ld,8,Classic Christmas,"Maureen Lee Lenker and Vince Balzano compiled a vintage Christmas canon with It's a Wonderful Life taking #1. White Christmas was vetoed by Balzano after Lenker selected it â€” the episode was originally titled ""Vintage Christmas.""",
d_AaiF3lKtAK4reP5,9,Sports,"Dave Schilling and Zed Cutsinger ranged across every sport with Eight Men Out earning the top spot. Rocky IV and Hoop Dreams were vetoed, pushing the list toward more understated sports cinema.",
d_pCGucJt7M8v5mTu,10,Dark Christmas,Billy Ray Brewton and Graham Skipper â€” Skipper's debut appearance â€” built a dark holiday canon with Gremlins at #1. Skipper became the third drafter to appear in three separate Screen Drafts in the same year.,
d_X26TaGFWdrCr3XB,11,Notable Nudes,"Angela Matano and Alec Tibaldi drafted best films featuring notable nudity in service of character or story, with American Beauty earning the top spot. American Honey and Forgetting Sarah Marshall were both vetoed.",
d_GNIKDqwcwcZIRgv,12,Christopher Lee,Amy Nicholson and Eva Anderson honored Christopher Lee's vast filmography with The Wicker Man landing at #1. Only one veto occurred â€” Star Wars Episode II â€” keeping the list focused on Lee's genre-defining roles.,
d_o7REteBWmiBSTPz,14,2018 Mega Draft,"The first Mega Draft featured Darren Franich, Clay Keller, and Ryan Marker picking the 17 best films of 2018, with First Reformed taking #1. Black Panther was initially vetoed before returning to the list, and BlacKkKlansman fell to another veto.",
d_8Me1pBkuTOBJosA,15,Twist Endings,"Graham Skipper and Sean Keller drafted the best twist-ending films, with The Wicker Man earning #1 and also becoming the first film inducted into Screen Drafts' Marquee of Fame. The Usual Suspects and Brazil were both vetoed.",
d_XVRJki6JnZn8Pzg,16,Films About Filmmakers,"James Ponsoldt and Darrin Navarro ranked the best films about filmmakers, placing Singin' in the Rain at the top. This episode introduced both the Commissioner Override and the Predictions Game â€” two cornerstone mechanics of the show.",
d_YEJpImjKnbv3iUp,17,Quentin Tarantino,Matt Perez-Mora and Holly Thompson locked horns over the Tarantino canon with Pulp Fiction taking #1. Kill Bill: Vol. 1 was initially vetoed before ultimately landing high on the list.,
d_WIlzBRoq0r0zCyd,18,'80s Fantasy,"Billy Ray Brewton and Chris Thomas Devlin drafted the best '80s fantasy films with The NeverEnding Story at #1. Highlander and The Last Unicorn were vetoed, leaving a list anchored by Labyrinth and The Princess Bride.",
d_f9XU4uph866sC9C,19,Amnesia,"Clay Keller and Ryan Marker ranked amnesia films with Mulholland Drive at #1. This episode featured the first-ever Commissioner Override in series history, with Paris Texas removed from consideration.",
d_vO879JaxCI87TrD,20,Kubrick,Darren Franich and Jeff Jensen drafted Kubrick's filmography with 2001: A Space Odyssey at #1. Paths of Glory was vetoed and The Shining was initially vetoed before making the final list.,
d_21Qfd6cNfJbkIiD,21,British Rom-Coms,"Dana Schwartz and Max Genecov ranked British romantic comedies with Bridget Jones's Diary at #1. Stardust was vetoed by Schwartz on her initial selection, leading to a revised pick.",
d_E99LwNUE6y7SbND,22,A24,"Clay Keller and Ryan Marker went head-to-head on the A24 catalogue with Moonlight at #1. No vetoes occurred, and Ryan won this early matchup â€” the episode was the first to record an official ""Clay vs. Ryan"" result.",
d_asXC8QwWaINOEm5,23,MCU Super Draft,"A four-person Super Draft with Darren Franich, Clay Keller, Ryan Marker, and Chancellor Agard ranking all MCU films, Black Panther landing #1. Multiple vetoes including Spider-Man: Homecoming and Civil War made this one of the veto-heaviest episodes to that point.",
d_QOS5xswx7hdn9Kh,24,Dog Movies,"Grant Moninger and Ryan Marker drafted the best dog films with Best in Show topping the list. The episode created the ""Mooch Rule"" â€” named after the obscure pick Mooch Goes to Hollywood â€” which limits overly esoteric selections.",
d_9eIOPSPHVNcBRpQ,25,Amy Adams,Jesse Knight and Dane McDonald ranked the best Amy Adams performances with Enchanted at #1 (after Dane vetoed Jesse's initial Enchanted pick). Co-commissioner Britt Keller made a rare guest appearance.,
d_deoDdtvUWpXHDkq,26,Multiple Roles,"Jenn Wilson and Drea Clark drafted the best films where actors play multiple roles, placing Dr. Strangelove at #1. Cloud Atlas' inclusion sparked debate; Coming to America was vetoed.",
d_b6G3qJulqRLGmpg,27,Remakes,Elric Kane and Brian Saur ranked the best remakes with The Thing at #1 and earning a Marquee of Fame induction. Dirty Rotten Scoundrels and Sorcerer represented some of the list's most surprising inclusions.,
d_HbkFmNFcbjVfx8S,28,Punksploitation,"Jim Branscome and Jonah Ray Rodrigues drafted the best punk-adjacent films with Repo Man at #1. Suburbia and Fat Kid Rules the World were vetoed, keeping the list centered on canonical punk cinema.",https://open.spotify.com/episode/1V0HhJFPB9E5lzGM609q71
d_X5RdbuwnuqLUPN7,29,"Apatow, Producer","Thomas Grabinski and Eric Moore ranked Judd Apatow's best produced films with Superbad at #1. Get Him to the Greek was vetoed, and Grabinski's own Superbad selection was also initially vetoed before returning.",
d_y1oV2vv7Ow3aCFx,30,Erotic Thrillers,"Clay Keller and Kate Hagen ranked the best erotic thrillers with Body Double topping the list. No vetoes occurred, and Clay won the matchup â€” the episode later became a reference point for the genre's critical rehabilitation.",
d_bgCbXAf2iV1WMCw,31,Mixtape Movies,"Billy Ray Brewton and Darren Franich ranked films defined by their music with The Perks of Being a Wallflower at #1. The Big Chill was vetoed by Franich, setting up a debate about what ""mixtape"" really means.",
d_UHQ2t8rdiMMm03U,32,Creature Features,"Graham Skipper and Matt Mercer ranked creature feature films with Predator at #1. The Fly was removed via Commissioner Override, and The Thing earned its third appearance on a Screen Drafts list, achieving a rare ""Hat Trick.""",
d_DHSENoJkI0SSrTv,33,Humphrey Bogart,"Oriana Nudo and Maureen Lee Lenker drafted Bogart's best films with We're No Angels at #1. Black Legion was vetoed in favor of The Maltese Falcon, resulting in an Nudo victory.",
d_nm6hmbD3zLXLlN4,34,Disney Animation Studios 2D,Bryan Cogman and Riley Stearns ranked Disney's hand-drawn animated films with Sleeping Beauty at #1. Mulan was vetoed and Pinocchio's initial selection was also rejected before being taken by Stearns.,
d_zUQvRempj0nnRlW,35,Queer Romance,Daniel Crooke and Mike Dougherty ranked the best queer romance films with Brokeback Mountain at #1. Bound earned a Marquee of Fame induction as the eleventh inductee.,
d_naFEY4ETBgT7etf,36,Spoofs,"Billy Ray Brewton and Matt Mercer ranked the best spoof films with Amazon Women on the Moon at #1. Team America: World Police was vetoed, shaping a list that leaned toward classic and cult spoofs.",
d_sBi533B6AQEAsoA,37,1999,Clay Keller and Ryan Marker â€” with Billy Ray Brewton as Guest Commissioner â€” ranked the best films of 1999 with Notting Hill at #1. Ghost Dog: Way of the Samurai was vetoed; Notting Hill's #1 finish became one of the show's most surprising early results.,
d_ygI6lVMzATLyFh0,38,Freddy vs. Jason Super Draft,"A four-drafter Super Draft with Rebekah McKendry, Elric Kane, Graham Skipper, and Billy Ray Brewton ranking every Nightmare on Elm Street and Friday the 13th film. Friday the 13th Part VI earned the top spot, and this episode introduced the first use of the veto override feature.",
d_y5FynXHaCLuXTVM,39,2019 (so far),"Clay Keller and Ryan Marker ranked their favorite films from the first half of 2019 with Booksmart at #1. Avengers: Endgame was vetoed by Ryan, one of the show's more memorable veto moments.",
d_abM8FTtZqSrX7GC,40,Serious Kids,Oriana Nudo and Rance Collins ranked the best films featuring serious child characters with Now and Then at #1. E.T. the Extra-Terrestrial was inducted into the Marquee of Fame as the fourteenth film.,
d_OtAbCdVy1auzzxT,41,Nicolas Cage Mega Draft,"A four-person Mega Draft with Drea Clark, BenDavid Grabinski, John Freiler, and Marc Calderaro ranking 20 Nicolas Cage films with Mom and Dad in the top spot. Adaptation was vetoed and then entered the Marquee of Fame.",
d_nlDMCJyJ1CZ1wEs,42,Actor's Directorial Debuts,Ryan Marker and Patreon Members competed over the best films directed by actors with That Thing You Do! at #1. Night of the Hunter was initially vetoed before being selected by Marker.,
d_PfALsXBNLoYw9RW,43,Original Movie Musicals - American,Walter Hollmann and Ben Mekler ranked original American movie musicals with State Fair at #1. Mamma Mia! Here We Go Again was vetoed in the episode's most spirited disagreement.,
d_QJyyJLYcxeL3ATl,44,Almodóvar,"Alonso Duralde and David Kittredge ranked AlmodĂłvar's filmography with Law of Desire at #1. Bad Education was vetoed and then reselected, and Volver fell to a self-veto.",
d_KFWUWdGc99OJPeC,45,Ensemble Casts,"Nichol Lovett and Darrin Navarro ranked the best ensemble cast films with Underground at #1. It's a Mad Mad Mad Mad World was vetoed, setting up a list heavy on international cinema.",
d_xBuw6jLBWWmwEzW,46,'90s Action Mega Draft,"Kate Freund, Dave Schilling, Clay Keller, and Ricky Carmona ranked 20 '90s action films with Mission: Impossible at #1. El Mariachi and The Long Kiss Goodnight were vetoed; The Matrix and Face/Off entered the Marquee of Fame.",
d_z9rSrvtVWgRKa9D,47,John Carpenter Live,Joe Lynch and Drew McWeeny ranked the Carpenter filmography live with Prince of Darkness at #1. Big Trouble in Little China was initially vetoed before earning both the top spot and Marquee of Fame induction.,
d_vUJYqWQ15ZZn9ni,48,Horror Prequels,"Kyle Anderson and Billy Ray Brewton ranked horror prequels with Exorcist: The Beginning at #1. A Commissioner Override removed Indiana Jones and the Temple of Doom, citing it as more of a midquel than prequel.",
d_30GgEe7i5w93AuB,49,Halloween Movies,"Elric Kane and Graham Skipper drafted the best Halloween-set movies with Kenny & Company at #1. Night of the Demons was vetoed, and Halloween earned Marquee of Fame induction as the 20th inductee.",
d_K08UJNViVh8NlLn,50,Found Footage,"Clay Keller and Billy Ray Brewton ranked found footage films with Zero Day at #1. Faces of Death was vetoed, and The Blair Witch Project earned its Marquee of Fame induction as the 21st inductee.",
d_1eTXaSOgZNe0NSX,51,Heist Movies,Thomas Grabinski and Kevin Costello ranked the best heist films with Bottle Rocket at #1. National Treasure was removed via Commissioner Override and Sexy Beast was vetoed.,
d_UUufJtGMPXBwonB,52,Philip Seymour Hoffman,"Bryan Cogman and Milla Bell-Hart ranked PSH's best performances with Magnolia at #1. Boogie Nights was vetoed and then reselected; The Master, The Talented Mr. Ripley, and Magnolia all entered the Marquee of Fame.",
d_Xvq32nN0xuYSCO0,53,Sword & Sorcery,"Morgan Peter Brown and Jeff Cannata ranked sword-and-sorcery films with The Lord of the Rings: The Fellowship of the Ring at #1. The Hobbit was removed via Commissioner Override, and The Princess Bride earned a Marquee of Fame induction.",
d_v5r7z0W4pfvRf9z,54,Game Movies,"Graham Skipper and Brea Grant ranked the best films about games with Tron at #1. Jumanji, Tommy, and The Wizard were all vetoed.",
d_yiVx8CN48BU7Awd,55,2010s Decade Mega Draft,"Darren Franich, Clay Keller, Alison Herman, and Piya Sinha-Roy ranked 20 films of the 2010s with Get Out at #1. Toni Erdmann was vetoed and Inherent Vice had a veto overridden by Franich â€” one of the decade draft's most contentious moments.",
d_sLbDdZ7XR3Ax3qq,56,Arthouse Christmas,"Alonso Duralde and Dave White ranked the best arthouse Christmas films with A Christmas Tale at #1. La BĂ»che was vetoed, keeping the list weighted toward international prestige titles.",
d_dmbO6mqy7B25KVC,57,Kristen Stewart,Clay Keller and Ryan Marker ranked the best Kristen Stewart films on Christmas Day with Personal Shopper at #1. Both Certain Women and Personal Shopper entered the Marquee of Fame.,
d_nigDmmKrAVGvvsj,58,2009,Clay Keller and Patreon Members ranked the best films of 2009 with Inglourious Basterds at #1. The episode aired on New Year's Eve and featured Patreon Members' collective voice as the opposing drafter.,
d_POqkXpIIA1u7n5r,59,Star Wars Super Draft,"Adam B. Vary, Devan Coggan, and Chancellor Agard ranked all Star Wars theatrical films with The Empire Strikes Back at #1. Rogue One was vetoed; The Empire Strikes Back earned Marquee of Fame induction; and this episode introduced rolling veto overrides.",
d_br4JN1qYRz88RFx,60,Laura Dern,"Zoe Zelkind and Ryan Marker ranked the best Laura Dern performances with Citizen Ruth at #1. The list ranged from Blue Velvet to Little Women, celebrating Dern's extraordinary range.",
d_wtsh7H1jV7NSLgu,61,Giallo,Elric Kane and Rebekah McKendry ranked the best giallo films with Tenebre at #1. The Bird with the Crystal Plumage and A Lizard in a Woman's Skin were both vetoed.,
d_5snHHG4kDDyVxpa,62,Star Trek Super Draft,"Clay Keller, Marc Bernardin, Ryan Marker, and Darren Franich ranked all Star Trek films with Star Trek IV: The Voyage Home at #1. Multiple vetoes and a Commissioner Override on Star Trek: Generations led to an unusually chaotic draft.",
d_WtyrCW2xe1TxysF,63,2019 Mega Draft,"Oriana Nudo, Billy Ray Brewton, Clay Keller, and Ryan Marker ranked 20 films of 2019 with Parasite at #1. Midsommar was vetoed twice by Ryan Marker, one of the show's most notable recurring vetoes.",
d_7oJgjqZgITSfyk8,64,European Vacation,Oriana Nudo and Rance Collins ranked films set during European vacations with Summertime at #1. An American Werewolf in London earned a Marquee of Fame induction.,
d_ZIn1YmAQ5S2qfFW,65,Universal Classic Monsters Mini-Mega,"Aaron LaPlante, Frank Dietz, and Kimmy Shields ranked 11 Universal Monster films with The Bride of Frankenstein at #1. Creature from the Black Lagoon was vetoed twice before finally making the list.",
d_XYYNR6ON5ag36bC,66,One Crazy Night,Drea Clark and LucĂ© Tomlin-Brenner ranked the best one-wild-night films with Attack the Block at #1. Halloween was vetoed; three films entered the Marquee of Fame.,
d_3OQ41HO3G2FEzEI,67,1992 Horror,"Graham Skipper and Joe Begos ranked the best horror films of 1992 with Pet Sematary Two at #1. Candyman was vetoed before returning to the list, and Twin Peaks: Fire Walk with Me earned a Marquee of Fame induction.",
d_rqQAnjtqOcQbrvD,68,The Cold War,Ryan Marker and Steve Berg ranked the best Cold War films with Dr. Strangelove at #1. 2010: The Year We Make Contact was vetoed; Dr. Strangelove achieved its third appearance on separate Screen Drafts lists.,
d_AiauIbjDwkTpPKt,69,Max von Sydow,Bryan Cogman and Billy Ray Brewton honored Max von Sydow's career with Pelle the Conqueror at #1. The Seventh Seal was vetoed; this episode was originally Patreon-exclusive but released publicly due to the COVID-19 pandemic.,
d_wlqbwhh00NxVNkQ,70,Post-Apocalypse,"Clay Keller and Ryan Marker ranked post-apocalyptic films with Snowpiercer at #1. The Omega Man was vetoed; Mad Max: Fury Road, Snowpiercer, and Escape from New York entered the Marquee of Fame.",
d_QodXIMs3Gh4gKmI,71,Lorne Michaels,Dave Schilling and Halle Kiefer ranked the best Lorne Michaels-produced films with Wayne's World at #1. Kids in the Hall: Brain Candy was vetoed by Schilling before being reselected.,
d_85JS8cVTPxf9LCN,72,Stuart Gordon,Graham Skipper and Brian Gillespie ranked Stuart Gordon's filmography with Re-Animator at #1. Edmond was vetoed; the episode celebrated Gordon's cult output from Re-Animator to Robot Jox.,
d_XkKD4UwVPrP1OCB,73,'30s Warner Bros,Bryan Cogman and Maureen Lee Lenker ranked the best Warner Bros. films of the 1930s with The Adventures of Robin Hood at #1. The Petrified Forest was vetoed and The Adventures of Robin Hood was initially rejected before earning the top spot.,
d_xX2F1IRVGlCdRH3,74,Kidventure,Billy Ray Brewton and Graham Skipper ranked the best adventure films for and about kids with Honey I Shrunk the Kids at #1. E.T. was selected for its third Screen Drafts appearance; The Sandlot was removed via Commissioner Override.,
d_4oK5GLbRzGmDdsg,75,Steven Soderbergh,Darren Franich and Ryan Marker ranked Soderbergh's filmography with The Limey at #1. Contagion was vetoed; Ocean's Eleven and The Limey both entered the Marquee of Fame.,
d_5RerjaMULGji17x,76,New Camp Classics,Bethy Squires and Jocey Coffman ranked the best contemporary camp films with Cats at #1. Moulin Rouge! was vetoed; Point Break entered the Marquee of Fame as the 60th inductee.,
d_v2D6R2ZoUuazEsx,77,Brief Encounters,Joanna Robinson and Katey Rich ranked the best films about brief but transformative encounters with Brief Encounter at #1. Casablanca was vetoed by Robinson; Before Sunrise achieved its third appearance on separate Screen Drafts lists.,
d_GHNrGp4gtqj0raD,78,Mothers & Daughters,Maureen Lee Lenker and Oriana Nudo ranked the best mother-daughter films with Mildred Pierce at #1. Grey Gardens was vetoed; Mamma Mia! Here We Go Again earned its seventh Marquee of Fame Hat Trick.,
d_OCa8YuTJGqz7Wuz,79,Jim Henson,Griffin Newman and J.D. Amato ranked the best Jim Henson productions with The Muppet Movie at #1. The Muppet Christmas Carol was vetoed; Labyrinth and The Muppet Movie entered the Marquee of Fame.,
d_ob3h1XaFbqSThJI,80,David Cronenberg,Brian Duffield and Drew McWeeny ranked Cronenberg's filmography with Dead Ringers at #1. The Dead Zone and The Fly both entered the Marquee of Fame.,
d_1k8ZCDAsJllzL0w,81,Westerns: Part I Mini-Mega,"Jared Moshe, Darren Franich, and Billy Ray Brewton ranked 13 classic Westerns with Stagecoach at #1. The Searchers was vetoed multiple times; this was the first installment in what became a beloved three-part western series.",
d_U053eKsC4bBZGSG,82,'60s Musicals,Bryan Cogman and Ryan Marker ranked the best 1960s movie musicals with How to Succeed in Business Without Really Trying at #1. West Side Story and The Sound of Music were each vetoed before making the list.,
d_w32s53qjKBZZvMj,83,Mistaken Identity,"Jordan Crucchiola and Drea Clark ranked the best mistaken-identity films with El Mariachi at #1. Two films â€” Much Ado About Nothing and The Talented Mr. Ripley â€” were removed via Commissioner Override, a rare double override.",
d_zKMXw4gwz6CkWKz,84,Coen Brothers Super Draft,Clay Keller and Ryan Marker's 18-film Coen Brothers Super Draft placed Barton Fink at #1. The Big Lebowski was vetoed and then reselected â€” one of the show's most hotly contested vetoes; five films entered the Marquee of Fame.,
d_26n9HNzM8oB87Px,85,July 4th Weekend,Alison Willmore and Adam B. Vary ranked the best films traditionally released over July 4th weekend with Magic Mike XXL at #1. Independence Day and Terminator 2 were vetoed.,
d_Q1TyrYq3GkKa5P3,86,Heavy Metal,Dave Parker and Rebekah McKendry ranked the best heavy metal movies with Tenacious D in The Pick of Destiny at #1. The Dirt was vetoed as insufficiently metal in spirit.,
d_3KWYJuP5wevTf5n,87,Animals Attack!,William Bibbiani and Witney Seibold ranked the best nature-attack films with Shakma at #1. Creepshow was removed via Commissioner Override; Monkey Shines was vetoed.,
d_EH9K3dTOjrP4upp,88,Sketch Comedy Anthologies,Henry Zebrowski and Graham Skipper ranked the best sketch comedy anthology films with The Ten at #1. Kids in the Hall: Brain Candy was removed via Commissioner Override and Movie 43 was vetoed.,
d_YATr8gVqr0bPG83,89,Con Artist,"Demi Adejuyigbe and Ify Nwadiwe ranked the best con artist films with Now You See Me at #1. The episode was later retconned as ""Modern Con Artists"" after noting all selections were from 1999 or later.",
d_4RBdsdFeAJnpvhg,90,Comic Book (Non-Superhero),"Christian Holub and Devan Coggan ranked the best non-superhero comic book adaptations with Sin City at #1. The list featured a strong international presence with Akira, Persepolis, and Lady Snowblood.",
d_JFIGG6pXlvhLoaH,91,Winona Ryder,Dana Schwartz and Phil Iscove ranked the best Winona Ryder films with Heathers at #1. Both Black Swan and Heathers were vetoed at various points before Heathers ultimately topped the list.,
d_Ynkb1mK5EJ2hVfu,92,Westerns: Part II Mini-Mega,"Darren Franich, Ryan Marker, and Billy Ray Brewton returned for 13 more Westerns with Ulzana's Raid at #1. The Good, the Bad and the Ugly entered the Marquee of Fame; multiple self-vetoes and override attempts shaped a contentious list.",
d_sUXDS8iFWt2J36z,93,'70's Horror Mega,"Chelsea Stardust, Billy Ray Brewton, Graham Skipper, and Clarke Wolfe drafted 20 horror films of the 1970s with Invasion of the Body Snatchers at #1. This two-part Mega Draft aired over two consecutive episodes and featured Eraserhead, Suspiria, The Exorcist, and Jaws.",
d_8x12l4P7YPXHRzl,94,Road Trip,"Matt Mercer and Dave Holmes ranked the best road trip films with The Sure Thing at #1. Paris, Texas earned the second spot; Y Tu MamĂˇ TambiĂ©n and The Muppet Movie rounded out a diverse list.",
d_ToXNWAhIo7EhZ7S,95,Wesley Snipes,Jordan Crucchiola and Dave Schilling ranked the best Wesley Snipes films with White Men Can't Jump at #1. To Wong Foo Thanks for Everything was vetoed by Schilling; Disappearing Acts was removed via Commissioner Override under the Mooch Rule.,
d_R0Mvpjntur2sWnb,96,Shakespeare: Part I Mini-Mega,"Maureen Lee Lenker, Bryan Cogman, and Graham Skipper ranked 11 Shakespeare film adaptations with Romeo and Juliet at #1. Romeo and Juliet was vetoed multiple times before landing at the top, making it one of the most contentious selections in the Shakespeare trilogy.",
d_MwDEpMqp7iuIH1z,97,Florida Crime,Clay Keller and Darren Franich ranked the best Florida-set crime films with Spring Breakers at #1. Body Heat and Wild Things were notable inclusions in a sun-drenched and genre-spanning list.,
d_EZ2A4KHVXDsRqAE,98,Lucio Fulci,Rebekah McKendry and Elric Kane ranked the best Lucio Fulci films with The Beyond at #1. The Devil's Honey was vetoed; this episode also featured the first appearance of the Lord Bullingdon Rule during the trivia segment.,
d_oQqGcoLiTpIZ8DQ,99,Horror Remakes,Kyle Anderson and Billy Ray Brewton ranked the best horror remakes with The Thing at #1. The Town that Dreaded Sundown was removed via Commissioner Override; The Thing (Brewton's version) was also vetoed.,
d_QP6ziG8T7HuUkWH,100,Alien vs. Predator Super Draft,"Brian Collins, Scott Wampler, and Angie Han ranked every Alien and Predator franchise film with Alien at #1 for the show's 100th episode. Multiple vetoes and overrides made this a fittingly chaotic celebration; Predator entered the Marquee of Fame.",
d_ceo3SZNZnUFPOrC,101,Video Nasties - Prosecuted Films,Jim Branscome and Alfonso Carrillo ranked the best films from the UK's Video Nasties prosecuted list with Night of the Demon at #1. Cannibal Holocaust was taken by Carrillo; Faces of Death was vetoed.,
d_erpE6gSLmVU6Jhl,102,The American President,Guy Branum and Ryan Marker ranked the best films about the American presidency with Olympus Has Fallen taking the top spot. The episode aired days before the 2020 presidential election; Ryan appeared as drafter rather than commissioner.,
d_qkcbcxOOLSjiBpI,103,Drag,Chris Feil and Joe Reid ranked the best drag-centric films with Bad Education at #1. Connie and Carla and To Wong Foo were each vetoed; three films entered the Marquee of Fame.,
d_pRjDwzFH0CPxiyI,104,'50s Sci-Fi,"Frank Dietz and Frank H. Woodward ranked the best 1950s science fiction films with The Beast From 20,000 Fathoms at #1. Forbidden Planet was vetoed by Dietz; Godzilla entered the Marquee of Fame.",
d_tyElnrob3pP5dSp,105,Pixar Super Draft,"Angelique Jackson, Adam B. Vary, Griffin Newman, and Dane McDonald ranked all 22 Pixar films with Cars 2 taking the last spot and Ratatouille at #1. Five vetoes were exercised including Cars 3 and Up; Toy Story 3 entered the Marquee of Fame.",
d_W5nNg1VjSHnPyYD,106,Friends,Halle Kiefer and Alison Leiby ranked the best films featuring on-screen friendships with Fools Rush In at #1. Scream earned Marquee of Fame induction as the 96th inductee.,
d_PWkR875DJIfd7MW,107,TV Adaptations,Drew McWeeny and Alan Sepinwall ranked the best films adapted from TV shows with Miami Vice at #1. Star Trek Beyond earned Marquee of Fame status as the 97th inductee.,
d_oV2QUTGrmStgZe8,108,Westerns: Part III Mini-Mega,"Billy Ray Brewton, Drea Clark, and Darren Franich completed the three-part Western series with True History of the Kelly Gang at #1. Slow West was almost vetoed out by Franich before a Commissioner Override by Brewton saved it, and both Slow West and The Hateful Eight entered the Marquee of Fame.",
d_71p5zbDpCrXKmNc,109,A Christmas Carol,Bryan Cogman and Pat Driscoll ranked every major A Christmas Carol adaptation with An American Christmas Carol at #1. This was the 100th film inducted into the Marquee of Fame â€” Scrooge (1951) â€” a milestone celebrated on the episode.,
d_3XjdLMgig2YtxzE,110,Oliver Assayas Super Draft,"Clay Keller, Ryan Marker, and Thomas Grabinski drafted all 16 Assayas features in a Christmas Day Super Draft with Wasp Network at #1. Five vetoes and a Commissioner Override shaped a deep-cut auteur exercise; Clouds of Sils Maria and Summer Hours entered the Marquee of Fame.",
d_xvhTkb7nWeaShah,111,Shakespeare: Part II Mini-Mega,"Bryan Cogman, Graham Skipper, and Joanna Robinson returned for 11 more Shakespeare adaptations (1988-2020) with Much Ado About Nothing at #1. Twelfth Night, Romeo + Juliet, and Titus were all vetoed; the mini-mega format and new era of Shakespeare cinema distinguished it from Part I.",
d_rjmELoqO9gFBitq,112,Tony Scott,Morgan Peter Brown and BenDavid Grabinski ranked the Tony Scott filmography with Crimson Tide at #1. True Romance was vetoed by Grabinski and Man on Fire was self-vetoed by Brown before making the list.,
d_LUIzpIhD3yvavG4,113,John Woo,David Chen and Dan Trachtenberg ranked John Woo's best films with Hard Boiled at #1. Hard Target was vetoed by Chen; the episode featured discussion of Woo's Hong Kong output vs. his Hollywood period.,
d_8ie3uKo4MSRBYTX,114,Aquatic Horror,Rebekah McKendry and David Ian McKendry ranked the best aquatic horror films with Deep Rising at #1. Shark attack films were explicitly excluded from consideration; Triangle was vetoed.,
d_yZSunX7hDBACzpy,115,Fictional Musicians Mini-Mega,"Kay Hanley, Dave Holmes, and Matt Mercer ranked the best films about fictional musicians with Almost Famous at #1. Sing Street and Green Room were vetoed; six films entered the Marquee of Fame.",
d_7rQOToupUTFE6Up,116,Cannon,Patrick Bromley and Elric Kane ranked the best Cannon Films productions with Cobra at #1. Cyborg and Lifeforce were both vetoed in a draft that celebrated Cannon's wild output from Death Wish 3 to Runaway Train.,
d_LyVrvFfEynoahhe,117,Relationship Horror,"In a Valentine's Day special, married couples Chelsea Stardust & Sean Keller vs. Andrew Merrill & Beth Crudele drafted horror films about relationships with Rosemary's Baby at #1. The first team-format draft; Christine and The Shining entered the Marquee of Fame.",
d_bOmV3JtktmZxpd0,118,Hugh Grant,Wynter Mitchell and Guy Branum ranked the best Hugh Grant films with Four Weddings and a Funeral at #1. No vetoes occurred â€” a clean sweep from About a Boy to Paddington 2.,
d_C0MdWuac3bsGzuh,119,Eddie Murphy,Ricky Carmona and Dave Schilling ranked the best Eddie Murphy films with Coming to America at #1. Eddie Murphy: Delirious was removed via Commissioner Override under the Mooch Rule; Coming to America was initially vetoed before landing at #1.,
d_By8nzUpCfeNzWyZ,120,Classic Disney Live Action Adventure,"Drew McWeeny and Bryan Cogman ranked Disney live-action adventure films from 1950-1980 with Swiss Family Robinson at #1. Kidnapped and 20,000 Leagues Under the Sea were both vetoed; six films entered the Marquee of Fame.",
d_Ttn4REtwDEGZUKg,121,Godzilla vs. Kong,Graham Skipper and Miguel Rodriguez ranked the best Godzilla and King Kong films with Godzilla: Final Wars at #1. Both commissioners achieved strong prediction accuracy in this monster-movie showdown.,
d_q32npHGvfoW44Ks,122,George Lucas,Patrick Cotnoir and Connor Ratliff ranked Lucas's directorial and expanded filmography with THX 1138 at #1. Star Wars Detours was removed via Commissioner Override; the episode featured a nuanced defense of the prequel trilogy.,
d_3Ty31csBDZ47rMR,123,Jerry Bruckheimer,Phil Iscove and Kenny Neibart ranked the best Bruckheimer-produced films with Black Hawk Down at #1. Con Air was vetoed by Iscove in one of the episode's memorable disputes.,
d_zWWkuoypmb3CHQU,124,Minnesota Mini-Mega,"Clay Keller, Darren Franich, and Drea Clark ranked 11 Minnesota-set films with Beautiful Girls at #1. God's Country was removed via Commissioner Override; Drop Dead Gorgeous and Jennifer's Body landed on the list in a state-specific deep dive.",
d_L56UxNda1Iip0ky,125,Private Eyes,Bryan Cogman and Milla Bell-Hart ranked the best private eye films with Harper at #1. Night Moves was vetoed by Bell-Hart; The Maltese Falcon was self-vetoed by Cogman before landing in the top seven.,
d_Qxw243vn8PxZkhd,126,Kelly Reichardt Super Draft,Ryan Marker and LucĂ© Tomlin-Brenner drafted all of Reichardt's features with Old Joy at #1. Meek's Cutoff and First Cow were each vetoed; Ryan participated as drafter so no commissioner predictions were made.,
d_fXPPHEe0pATlwPG,127,BFFFs,Rachel Walker and Anam Syed ranked the best female friendship films with The Spy Who Dumped Me at #1. Both Beaches and Romy and Michele's High School Reunion were vetoed before eventually appearing elsewhere on the list.,
d_7LAyFb8jWC3kioJ,128,2020 Mega Draft,"Ryan Marker, Angelique Jackson, Billy Ray Brewton, and Drea Clark ranked 20 films of 2020 with Miss Juneteenth at #1. Promising Young Woman was vetoed twice â€” by both Brewton and Clark â€” in one of the most striking repeat vetoes in Mega Draft history.",
d_oze5AveVcPLsmXd,129,'00 Slashers,"Jordan Crucchiola and Sam Wineman ranked the best slasher films of the 2000s with Sorority Row at #1. Crucchiola dominated with four of the seven selections, and no vetoes were needed in this deep dive into Y2K-era slashers.",
d_aKDTPwl4BBgLJSN,130,21st Century Best Actress Winning Films,"Chris Feil and Joe Reid ranked the best films in which an actress won the Best Actress Oscar in the 21st century, with Monster (2003) at #1. Both commissioners achieved strong prediction accuracy.",
d_cBAwYKoY4JEH7YY,131,Movies About Television,"Mark Harris and Adam B. Vary ranked the best films about the television industry with Broadcast News at #1. No vetoes or overrides occurred in this clean, press-friendly draft.",
d_L6AVX1Paw9P2zQw,132,Shakespeare: Part III Mini-Mega,"Bryan Cogman, Joanna Robinson, Graham Skipper, and Maureen Lee Lenker completed the Shakespeare trilogy with Shakespeare in Love at #1. West Side Story was vetoed twice before Robinson secured it; Throne of Blood's veto was overridden by Cogman.",
d_0yNgUy6DO43ObGa,133,2010s Directorial Debuts,Robert Butler III and Andres Cabrera ranked the best directorial debuts of the 2010s with Get Out at #1. Deadpool was vetoed; this episode also introduced what became known as the Cassavetes Rule.,
d_HkBPpSf9Fv6mbRG,134,James Spader,"Kate Hagen and Jen Johans ranked the best James Spader performances with Crash (1996) at #1. The episode began Predictions Game Season 4; Secretary and Sex, Lies, and Videotape rounded out a list heavy on Spader's more transgressive work.",
d_W8078gcgFFdcQ6S,135,X-Men Super Draft,"Darren Franich, Ryan Marker, and Clay Keller ranked 13 X-Men franchise films with Logan at #1. Logan's veto was overridden by Ryan Marker; X-Men: Apocalypse earned a controversial high placement.",
d_c18IbDWdu21meUB,136,The Internet,Kristy Puchko and Angie Han ranked the best films about internet culture with Unfriended at #1. Unfriended was initially self-vetoed by Han before landing at #1; this episode also clarified the Mooch Rule to allow major post-COVID streaming titles.,
d_DaL3hmQ40LELA3A,137,TV Continuations,Drew McWeeny and Alan Sepinwall ranked the best TV-based film continuations with The Muppet Movie at #1. The Muppet Movie was vetoed by McWeeny before Sepinwall took it; the episode served as a companion to their TV Adaptations draft.,
d_3lhIv2x7dLr0N8z,138,Hellraiser,Graham Skipper and Rebekah McKendry ranked all Hellraiser films in a live episode with Hellraiser at #1. Hellraiser: Bloodline was vetoed by Skipper; Clay did not make commissioner predictions due to the live format.,
d_2EyCcezf1nZ1ufc,139,Natalie Wood,Maureen Lee Lenker and Oriana Nudo ranked the best Natalie Wood films with West Side Story at #1. West Side Story was vetoed twice â€” twice by Lenker and once by Nudo â€” before finally landing at #1.,
d_YnMpBXo2N6211SK,140,Legacy Sequels,"Dave Gonzales and Neil Miller ranked the best ""legacy sequel"" films that reunite decades-later casts with Mad Max: Fury Road at #1. Dawn of the Dead was vetoed; Blade Runner 2049 and Incredibles 2 rounded out the top picks.",
d_wg4w8vWdeb1Eh87,141,Video Game Adaptations,Kevin Costello and Thomas Grabinski ranked the best video game adaptations with Resident Evil: Extinction at #1. Final Fantasy: The Spirits Within and Detective Pikachu were vetoed; Street Fighter earned a surprise high placement.,
d_nRGAiHME4cJ1j8R,142,2007,"Drea Clark and Bryan Cogman ranked the best films of 2007 with There Will Be Blood at #1. Zodiac was initially vetoed by Cogman before landing at #4; No Country for Old Men and 4 Months, 3 Weeks and 2 Days also made the list.",
d_Uua3IBgT64RVRkF,143,Wes Craven,Dylan Guerra and Clarke Wolfe ranked Craven's filmography live with Scream at #1. Scream 3 was vetoed; the live format meant no commissioner predictions were made.,
d_bnHKMz5XiXzRpEz,144,Bob Dylan,Ryan Marker and Marya Gates ranked the best Bob Dylan documentary films with Rolling Thunder Revue at #1. Hearts of Fire and Rolling Thunder Revue were both vetoed; the episode focused on Dylan's film appearances and concert documents.,
d_3RTy7VEoqZPMIRx,145,Tremors Super Draft,Billy Ray Brewton and Harmony Colangelo ranked all Tremors franchise films with Tremors at #1. Multiple Tremors 5 and Shrieker Island selections were vetoed in this affectionate franchise deep-dive.,
d_TMItv1i77nNK0Gw,146,Planet Hollywood Mega Draft,"Wynter Mitchell, Jordan Crucchiola, Marc Bernardin, and Drew McWeeny ranked 20 films featuring Bruce Willis, Arnold Schwarzenegger, and Sylvester Stallone with Nighthawks at #1. Last Action Hero, True Lies, and Predator were all vetoed; Batman & Robin and Death Becomes Her earned unexpected inclusions.",
d_Xw8k7QgunJCLsgY,147,Jane Austen,Maureen Lee Lenker and Joanna Robinson ranked the best Jane Austen adaptations with Sense and Sensibility at #1. Emma. and Persuasion were vetoed; Clueless and Love & Friendship both made the list.,
d_yiXXecZBayLcjwO,148,21st Century Australian,Alexei Toliopoulos and Blake Howard ranked the best Australian films of the 21st century with Goldstone at #1. The episode featured a rich survey of recent Aussie cinema from Animal Kingdom to Samson and Delilah.,
d_oa2ka3qmY6iPP84,149,Dinosaurs,Andrew Roebuck and Steven Ray Morris ranked the best dinosaur films with Jurassic Park at #1. The Tree of Life was vetoed for its brief dinosaur cameo; Super Mario Bros. earned a spirited defense for its dinosaur-adjacent world.,
d_aX8vdvkjOO0L8zi,150,Canuxploitation,Jim Branscome and Breanna Whipple ranked the best Canadian exploitation films with FUBAR at #1. The episode dove deep into CanCon cult cinema from Fast Company to Hobo with a Shotgun.,
d_hl6kaAjcvf9FAv6,151,Body Horror,Rebekah McKendry and Elric Kane ranked the best body horror films with Tetsuo: The Iron Man at #1. Body Parts was vetoed twice by McKendry; the list ranged from The Fly to Society.,
d_nShVT1PHJQV78cc,152,Baseball Mini-Mega,"Amanda Smith, Billy Ray Brewton, and Kenny Neibart ranked 11 baseball films with Everybody Wants Some!! at #1. The Sandlot and Bull Durham were vetoed; A League of Their Own earned a surprise veto before being rescued.",
d_JM4gsjNJ5IjkNES,153,Dimension Films,Kyle Anderson and Billy Ray Brewton ranked the best Dimension Films releases with Halloween H20 at #1. Grindhouse was vetoed; the list celebrated Dimension's genre output from Scream to The Mist.,
d_Nf3RyqSzVQ2RGrg,154,Mad Scientist,Graham Skipper and Halle Kiefer ranked the best mad-scientist films with Event Horizon at #1. Young Frankenstein appeared midlist; The Cabinet of Dr. Caligari earned its place as the genre's ur-text.,
d_8sky5LJ8F1jaBAo,155,Zombie Mini-Mega,"Clarke Wolfe, Darren Franich, and Clark Collis ranked 13 zombie films with Night of the Comet at #1. Night of the Living Dead was self-vetoed before a Franich override saved it; ParaNorman and I Walked with a Zombie were unexpected highlights.",
d_B3lWbx8wLcWx86l,156,James Bond Super Draft,"Dave Schilling, Phil Nobile Jr./Drew McWeeny, Piya Sinha-Roy, and Bryan Cogman ranked all 25 Bond films across two parts. Casino Royale topped Part II; the format allowed the bottom 13 to be ranked in Part I with the top 13 in Part II, featuring Drew McWeeny replacing Phil Nobile Jr.",
d_mE3IBGvDQ8bgbkL,157,Serial Killer,"Andrew Furtado and Scott Reynolds ranked the best serial killer films with No Way to Treat a Lady at #1. Man Bites Dog was self-vetoed; I Saw the Devil was vetoed, creating a list centered on procedural and psychological depth.",
d_Raox0Wr4PheQS8S,158,Oscar Winning Queer Films,Chris Feil and Joe Reid ranked the best Oscar-winning queer films with The Times of Harvey Milk at #1. The Crying Game and All About My Mother were vetoed in this live episode with no commissioner predictions.,
d_ZL0w78l2oArzApd,159,Thanksgiving Weekend,"Adam B. Vary and Alicia Lutes ranked films historically released over Thanksgiving weekend with Creed II at #1. Toy Story 2, Frozen, and Knives Out all made the list alongside holiday perennial Mrs. Doubtfire.",
d_jQ6Q1Gs0DQ1hCdM,160,Disney Channel Original Movies,Sarah Sterling and Ash Crossan ranked the best DCOMs with Cadet Kelly at #1. Smart House was vetoed by Sterling; the episode was a love letter to '90s and early 2000s Disney Channel nostalgia.,
d_u0T6lhYXjZc385R,161,Razzie Worst Picture Winners,Kenny Neibart and Phil Iscove ranked the best films that won the Razzie for Worst Picture with Mommie Dearest at #1. Howard the Duck was vetoed initially before landing on the list; Color of Night was vetoed.,
d_rHdUSGrBtag6xW1,162,Christmas-Adjacent,"Libby Hill and Emily St. James ranked the best films set at or around Christmas but not explicitly Christmas movies, with Rocky IV at #1. It's a Wonderful Life was vetoed by Hill; the list included Carol, Eyes Wide Shut, and In Bruges.",
d_rqsUOkd1WUjl9q5,163,British Royal Family,Chris Scleicher and Guy Branum ranked the best films about the British royal family with Elizabeth at #1. Anne of the Thousand Days and The Queen were both vetoed; the episode aired in the wake of The Crown's popularity.,
d_yw2LKofCV7omXTx,164,Rebecca Hall,Clay Keller and Ryan Marker â€” with Billy Ray Brewton as commissioner â€” ranked the best Rebecca Hall performances on Christmas Eve with The Gift at #1. Professor Marston was vetoed by Clay; this was part of the show's Kristmas Eve tradition.,
d_MxM7uJK1UbwXdOs,165,Billy Wilder,Oriana Nudo and Ryan Marker ranked the Wilder filmography with Love in the Afternoon at #1. Some Like It Hot was controversially vetoed by Ryan â€” one of the show's most debated vetoes of 2022.,
d_UdemnhLZLfHdUKD,166,Adult Animation,"Harmony Colangelo and B.J. Colangelo ranked the best adult animated films with Coonskin at #1. Princess Mononoke, Persepolis, and Perfect Blue all made the list; the episode was a showcase for animated films that push against family expectations.",
d_nQOJNOLr4YK0nXk,167,Alien Invasion Mini-Mega,"Billy Ray Brewton, Clarke Wolfe, and Graham Skipper ranked 11 alien invasion films live at Fantastic Fest 2021 with Evolution at #1. Mac and Me was removed via Commissioner Override; Cloverfield's veto was overridden by Brewton.",
d_k4aEAm1KmqljQbl,168,Movies About Screenwriters,Jarrod Murray and Evan Dickson ranked the best films about screenwriters with The TV Set at #1. Barton Fink was self-vetoed before returning to the list; the episode was co-commissioned by Phil Iscove.,
d_g3f8NiYah9DE5wv,169,NASA,Alan Sepinwall and Linda Holmes ranked the best NASA-related films with Hidden Figures at #1. The Right Stuff was vetoed by Holmes; the list ranged from SpaceCamp to Gravity.,
d_iHDkN8EdGRquIzz,170,Whoopi Goldberg,Wynter Mitchell and Guy Branum ranked the best Whoopi Goldberg films with Made in America at #1. Sister Act was vetoed by Branum; Boys on the Side and The Long Walk Home were discarded.,
d_0J8bPk7MxXDF2pH,171,Black Love,Carla Renata and Angelique Jackson ranked the best Black love stories on film with A Warm December at #1. Jumping the Broom and Waiting to Exhale were both vetoed; the list ranged from If Beale Street Could Talk to How Stella Got Her Groove Back.,
d_vEvRCEnrJwdAYxT,172,Will Smith,Chancellor Agard and Derek Lawrence ranked the best Will Smith films with Independence Day at #1. Bad Boys II and Six Degrees of Separation were both vetoed; Ali earned a high placement despite limited box office awareness.,
d_vTpqXjtpR1Qj3Up,173,Courtroom Movies,Larry Zerner and Marc Calderaro ranked the best courtroom dramas with Primal Fear at #1. My Cousin Vinny was vetoed before returning; the list included classics from Anatomy of a Murder to The Devil's Advocate.,
d_lrKV3p1hwmsoWjZ,174,Batman vs. Superman Super Draft,"Marc Bernardin, Clarke Wolfe, Devan Coggan, and Ryan Marker ranked every Batman and Superman film with Zack Snyder's Justice League at #1. Multiple veto overrides occurred including one saving Batman Returns; Ryan participated as a drafter making this one of the format's most chaotic.",
d_gNXdQEYlUapM0NR,175,Gators & Crocs,David Ian McKendry and Rebekah McKendry ranked the best crocodilian horror films with Dark Age at #1. Croc was vetoed; the episode featured the McKendrys' encyclopedic knowledge of the subgenre.,
d_xIjO3mZb64MKP7k,176,Happy Madison Productions,Alexei Toliopoulos and Cameron James ranked the best Happy Madison films with Joe Dirt at #1. Sandy Wexler was vetoed; the episode leaned into the show's contrarian spirit by championing underrated Sandler output.,
d_K6XVPXoDQ4Ubcot,177,2021 Mega Draft,"Oriana Nudo, Billy Ray Brewton, Clay Keller, and Drea Clark ranked 20 films of 2021 with Shiva Baby at #1. Last Night in Soho, Malignant, and C'mon C'mon were all vetoed; The Worst Person in the World was vetoed at #16 and then rescued by a commissioner override.",
d_mi04tpu8aOosYzR,178,21st Century Female Action,"Anna Bogutskaya and Jordan Crucchiola ranked the best female-led action films of the 21st century with Chocolate at #1. The list featured Atomic Blonde, Kill Bill: Vol. 1, and Birds of Prey â€” a vibrant survey of women leading action cinema.",
d_0VuQncczKXNaztr,179,Penelope Spheeris,Simon Abrams and Drea Clark ranked the Spheeris filmography with The Little Rascals at #1. Suburbia was vetoed twice; the episode was recorded for Skyline Indie Film Fest but released on the main feed.,
d_e1Mw97iodfyA13X,180,Ray Harryhausen,Frank Dietz and Frank H. Woodward ranked the best Ray Harryhausen films with Mighty Joe Young at #1. 20 Million Miles to Earth was vetoed before returning; the two Franks' expertise made this a deep dive into stop-motion history.,
d_IrSNT5ifZm4gQws,182,M. Night Shyamalan Super Draft,"Scott Beck, Bryan Woods, Jonathan Baker, and Josh Baker ranked 14 Shyamalan films with Unbreakable at #1. Signs was vetoed by Josh Baker before being rescued by Bryan Woods via override; the four drafters were the Haunt and Stopmotion directors.",
d_ywjrI0eNAePqwLS,183,Orson Welles,"Darren Franich and Bryan Cogman ranked Welles's filmography with Citizen Kane at #1. Othello was vetoed; the episode was billed as the finale of ""Auteur April"" and the first head-to-head between these two frequent guests.",
d_cCvzmXKJ4SG1MLF,184,Space Horror,Graham Skipper and Jenelle Riley ranked the best space horror films with Alien at #1. Aliens was vetoed by Skipper; Clarke Wolfe served as guest co-commissioner.,
d_S6vONfRYP8VdXTV,185,'70s Sports,Alan Sepinwall and Daniel Fienberg ranked the best sports films of the 1970s with Breaking Away at #1. Breaking Away was vetoed by Fienberg before returning; the episode kicked off what became a multi-part sports series with these two drafters.,
d_a1eH2TIaeU3gsTI,186,Dance,William Bibbiani and Liz Shannon Miller ranked the best dance films with Dirty Dancing at #1. Center Stage was vetoed; Bibbiani swept the commissioner predictions 3-0.,
d_r3kNB9sYvcO2fSH,187,1997 Mini-Mega,"Katey Rich, Wynter Mitchell, Kristy Puchko, and Clay Keller ranked 13 films of 1997 with Titanic at #1. Chasing Amy was vetoed; Boogie Nights had a veto overridden by Mitchell â€” one of the more contentious moments in the mini-Mega format.",
d_HT4iqILLO8lPl6m,188,Hotels & Motels,Phil Iscove and Kenny Neibart ranked the best hotel and motel movies with The Shining at #1. No vetoes occurred; the list ranged from Barton Fink to Dirty Pretty Things.,
d_zIQH3MTnLtaUIBu,189,John Waters,Jason Shawhan and Billy Ray Brewton ranked the Waters filmography with Polyester at #1. Pink Flamingos was vetoed by Shawhan; Polyester was vetoed by Brewton before claiming the top spot in an unexpected #1 choice.,
d_mt1yrtjkFnDfNXJ,190,'90s Directorial Debuts,Mark Harris and Adam B. Vary ranked the best directorial debuts of the 1990s with Hard Eight at #1. Reservoir Dogs was vetoed; Being John Malkovich fell to another veto.,
d_YYTSWI2ZeLhHVez,191,F Cinemascore Super Draft,"Chris Feil, Gavin Mevius, Luis Rendon, and Joe Reid ranked the most interesting films to receive an F CinemaScore with Solaris at #1. Mother! was vetoed twice and then overridden; Silent House was also vetoed.",
d_dBOPdWcMPyPO8cg,192,Ryan Gosling,Jordan Crucchiola and Roxana Hadadi ranked the best Ryan Gosling films with First Man at #1. The Notebook was vetoed; the list favored Gosling's more adventurous and dramatic work.,
d_iLNmzIibJNzE7cG,193,"""Retired"" Soderbergh Super Draft","Brian Duffield and Thomas Grabinski ranked the best Soderbergh films from his post-retirement ""comeback"" period with Kimi at #1. High Flying Bird was vetoed; Kimi was vetoed twice before landing at #1. Duffield won 3-1.",
d_gFMG5XuceiBTEgO,194,X / NC-17 / Unrated,"Kate Hagen and Drew McWeeny ranked films that received an X, NC-17, or Unrated rating with The Devils at #1. IrrĂ©versible was vetoed; the list featured The Cook the Thief His Wife and Her Lover, Y Tu MamĂˇ TambiĂ©n, and Pink Flamingos.",
d_SKicR55414EGBjC,195,The Beatles,Bryan Cogman and John Bradley ranked the best Beatles films with A Hard Day's Night at #1. A Hard Day's Night was initially vetoed before landing at #1; John Bradley (of Game of Thrones) made his Screen Drafts debut.,
d_L6cX6N79T5WOc3l,196,Hallmark Christmas Mini-Mega,"Alonso Duralde, Dory Benford, Rachel Wagner, and Daniel Thompson ranked 12 Hallmark Christmas films with A Very Merry Mix-Up at #1. Multiple vetoes occurred and A Very Merry Mix-Up's veto was overridden â€” a rare example of a Hallmark film generating genuine controversy.",
d_goRhrYi7mHlYueo,197,Agatha Christie,Joanna Robinson and Bryan Cogman ranked the best Agatha Christie adaptations with Death on the Nile (1978) at #1. The episode featured Christie's full range from classic BBC productions to contemporary films; Cogman won 3-1.,
d_KoZV7lfxDkstp6l,198,Denzel Washington Mini-Mega,"Marc Bernardin, Jacqueline Coley, and Kevin Avery ranked 11 Denzel Washington films with Fences at #1. Man on Fire was vetoed twice; Inside Man fell to another veto.",
d_gOBd9Y1TMe9WDsc,199,Directors' Final Films,Maureen Lee Lenker and Oriana Nudo ranked the best films that were their director's final work with Imitation of Life at #1. Lenker won 3-0; the list included Eyes Wide Shut and Three Colours: Red.,
d_uAKXLjO9BT1YV2C,201,Sam Peckinpah,Scott Reynolds and Blake Masters ranked the Peckinpah filmography with The Wild Bunch at #1. The Ballad of Cable Hogue was vetoed; Masters won 3-0.,
d_3EW35K0YcZGX5Ue,202,Agnčs Varda,LucĂ© Tomlin-Brenner and Ryan Marker ranked the best Varda films with One Sings the Other Doesn't at #1. One Sings the Other Doesn't was vetoed by Marker before he reselected it; the episode honored Varda's entire career from ClĂ©o from 5 to 7 to her final works.,
d_X5nGPf9Wff2xVvq,203,Godzilla Mini-Mega,"Graham Skipper, Beth Accomando, and Drew & Toshi McWeeny ranked 13 Godzilla films with Godzilla (Beth Accomando's pick) at #1. Godzilla vs. Destoroyah and Shin Godzilla were both vetoed; Drew McWeeny and his son Toshi co-drafted as a team.",
d_g6545IHNz0g9tAq,204,Vintage Con Artist,"Jason Sheridan and Eva Anderson ranked the best vintage con artist films â€” the ""sequel"" to the earlier Con Artist episode â€” with F for Fake at #1. The Grifters, The Sting, and Paper Moon all made the list.",
d_9qeJvcyGp0Ifuie,205,Kirsten Dunst,"Phil Iscove and Dana Schwartz ranked the best Kirsten Dunst films with Marie Antoinette at #1. A withdrawn veto by Schwartz created a notable moment; The Virgin Suicides, Eternal Sunshine, and Melancholia rounded out the list.",
d_yay1sP2ZnBUcqyv,206,A24 Horror,Kyle Anderson and Billy Ray Brewton ranked the best A24 horror films with Green Room at #1. Hereditary and Green Room were both vetoed in the opening rounds; Under the Skin earned a top-five placement.,
d_EAnHVbctWicgZ0w,207,Horror Comedy Mini-Mega,"Rebekah McKendry, David Ian McKendry, and Morgan Peter Brown ranked 11 horror comedies with Evil Dead II at #1. One Cut of the Dead had its veto overridden; An American Werewolf in London and Shaun of the Dead earned high placements.",
d_6e6K4qbOvz7D1Rf,208,Tobe Hooper,Patrick Bromley and Elric Kane ranked Hooper's filmography with The Texas Chain Saw Massacre at #1. Toolbox Murders and The Mangler were vetoed; Lifeforce and Poltergeist represented Hooper's studio-era work.,
d_3WHdiYqHzcsLlSj,209,High School Horror Mini-Mega,"Wynter Mitchell, Patrick Hamilton, RenĂ©e Bever, and April Wolfe ranked 13 high school horror films on Halloween with Halloween at #1. Ryan Marker drafted on behalf of the absent April Wolfe â€” a notable moment of proxy drafting.",
d_XU5LlikbRN3F9AP,210,Akira Kurosawa,Darren Franich and Darrin Navarro ranked the Kurosawa filmography with Ran at #1. High and Low was vetoed twice; Dodes'ka-den and I Live in Fear earned inclusion as underappreciated Kurosawa works.,
d_06qYkOxfQ5gDpR2,211,Teacher Movies,Billy Ray Brewton and Ryan Marker ranked the best teacher films with School of Rock at #1. October Sky was removed via Commissioner Override; Another Round was vetoed.,
d_MUAMTJjUseC1GQv,212,Paul Newman Mini-Mega,"Oriana Nudo, Walter Hollmann, and Maureen Lee Lenker ranked 11 Paul Newman films with Butch Cassidy and the Sundance Kid at #1. The Life and Times of Judge Roy Bean, Slap Shot, and Harry & Son were all vetoed.",
d_4ryUWS32WIq8BCX,213,MCU Phase 4 Super Draft,"Louis Peitzman, Devan Coggan, Chancellor Agard, and Adam B. Vary ranked every MCU Phase 4 film and TV series â€” the first Screen Drafts episode to include TV seasons alongside films. The ""Feige Dispensation"" was introduced; Loki topped the list.",
d_6D9ZkMOxLe9yv3I,214,Best Picture Follow-ups Mini-Mega,"Joe Reid, Katey Rich, and Chris Feil ranked films directed by filmmakers after winning the Best Picture Oscar with Apocalypse Now at #1. Broadcast News was vetoed twice; the list rewarded directors who followed their Oscar success with ambitious work.",
d_E3YgZXQFvqcHWkz,215,Arthurian Legend,Bryan Cogman and Helen Shang ranked the best Arthurian legend films with Excalibur at #1. The Green Knight was vetoed by Shang; Cogman self-vetoed Excalibur before ultimately selecting it #1.,
d_IDLD1We6ceWjkfl,216,Christmas Horror,Graham Skipper and Eric Pennycoff ranked the best Christmas horror films with Deadly Games at #1. Gremlins was vetoed by Pennycoff; the list featured Rare Exports and Black Christmas.,
d_pYXEoPmrNMKntIL,217,Colin Farrell Mini-Mega,"Clay Keller and Ryan Marker ranked the best Colin Farrell films on Christmas Eve in the Kristmas Eve tradition with The New World at #1. The Beguiled, The New World, and The Banshees of Inisherin were all vetoed; the nine-film mini-mega format was a departure from the standard seven.",
d_kUBQyDBcjmN1blq,218,Steven Spielberg Super Draft,"A three-part Super Draft across January 2023 with Drea Clark, Darren Franich, Drew McWeeny, Roxana Hadadi, Billy Ray Brewton, Angelique Jackson, Wynter Mitchell, Adam B. Vary, and LucĂ© Tomlin-Brenner ranking Spielberg's full filmography with Jaws at #1. A Commissioner Override removed Jaws in Part II before it was ultimately rescued; multiple veto overrides shaped the final list.",
d_5mH7uQpZdHxDzXn,219,Spielberg Produced Mega Draft,"Three teams â€” Amanda Smith & Jordan Crucchiola, Phil Iscove & Kenny Neibart, and Clay Keller & Ryan Marker â€” ranked Spielberg-produced films across two parts with Back to the Future at #1. Twister's veto was overridden; the team format made this a structurally distinctive Mega Draft.",https://open.spotify.com/episode/6kdFbPavkBuYqQ3YBcEEc5
d_d8T4onsmewAz9Mx,220,Black Queer Films,"Mikelle Street and Tre'vell Anderson ranked the best Black queer films with Still Black: A Portrait of Black Transmen at #1. Recorded live for the Seattle Queer Film Festival, this episode featured no canonical predictions and a list spanning Paris Is Burning to Moonlight.",
d_hlvYACQx531j4km,221,Obsession Thrillers,Jordan Crucchiola and Sam Wineman ranked the best obsession thriller films with Lisa at #1. The Cable Guy and Black Swan were both vetoed; the list showcased the erotic and psychological ends of the subgenre.,
d_mglmHW4RpJ9BQDE,222,Chucky Super Draft,B.J. Colangelo and Louis Peitzman ranked all 8 Chucky franchise films with Child's Play 2 at #1. Seed of Chucky was vetoed by Peitzman before returning; both drafters brought deep franchise knowledge to the debate.,
d_9vInLQvkQOUIYRk,223,Independent Spirit Best First Feature Award Winners,Mitchell Beaupre and Slim ranked the films that won the Independent Spirit Award for Best First Feature with Dirty Dancing at #1. The list ranged from You Can Count on Me to Sound of Metal â€” a survey of American indie debuts.,
d_JX5sLeS2dPUnwpH,224,2022 Mega Draft,"Jacqueline Coley, Drea Clark, Ryan Marker, and Emily St. James ranked 20 films of 2022 with RRR at #1. All Quiet on the Western Front, Babylon, and TĂˇr were all vetoed; Everything Everywhere All at Once made the list despite its heavy awards presence.",
d_Ajz32X7Qa1c8Yik,225,Cults,"Clarke Wolfe and Anthony DiBlasi ranked the best cult-focused films with Hereditary at #1. Mandy was vetoed by Wolfe; the list featured Rosemary's Baby, The Wicker Man, and Once Upon a Time... in Hollywood.",
d_K82B4L1DisTSzDE,226,Train Movies,Chris Amick and Ben Mekler ranked the best train movies with The Train at #1. The Polar Express was vetoed; Emperor of the North and The General represented the list's classical end.,
d_ZVyz3gperSlYIdE,227,'70s Conspiracy Thrillers,Bryan Cogman and Darrin Navarro ranked the best 1970s conspiracy thrillers with The Conversation at #1. Invasion of the Body Snatchers was vetoed; All the President's Men and The Parallax View captured the paranoid spirit of the decade.,
d_k7gi4lioSBQR6vr,228,Robots Mini-Mega Live,"Brea Grant, Clarke Wolfe, and Billy Ray Brewton ranked 9 robot films live at an event with Blade Runner at #1. Jason X was removed via Commissioner Override; multiple vetoes and overrides made this an eventful live draft.",
d_5zFePoKzRsfKndk,229,Anne Hathaway,Dana Schwartz and Phil Iscove ranked the best Anne Hathaway films with The Devil Wears Prada at #1. The Intern was vetoed by Iscove; the list included Rachel Getting Married and Les MisĂ©rables.,
d_LLzRsZk4Oda3DFY,230,Music Docs,Billy Ray Brewton and Marya Gates ranked the best music documentaries with The Devil and Daniel Johnston at #1. The Devil and Daniel Johnston was self-vetoed by Brewton before Gates claimed it; Summer of Soul earned a high placement.,
d_CWKp4DfnXgbZTsh,231,John Grisham Super Draft,"Joe Reid, Liz Hannah, and Kenny Neibart ranked the best John Grisham adaptations with The Pelican Brief at #1. A Time to Kill was vetoed; Christmas with the Kranks earned a spirited defense as a Grisham oddity.",
d_vtq6CxrO6PItgzK,232,2012,Maria Lewis and Drea Clark ranked the best films of 2012 with The Dark Knight Rises at #1. Byzantium was removed via Commissioner Override; The Cabin in the Woods was vetoed.,
d_cKKp3GyzpxGnE5e,233,Bong Joon-ho Super Draft,Eric Plese and Ryan Estrada ranked the Bong filmography with Memories of Murder at #1. The Host was vetoed by Estrada â€” the veto was delivered by an actor from the film in a memorable bit.,
d_CMsKLDoX06h1F8a,234,Rock vs. Diesel Mini-Mega,"Darren Franich, Jen Yamato, and Piya Sinha-Roy ranked 13 Dwayne Johnson and Vin Diesel films with Fast Five at #1. Multiple vetoes including The Scorpion King and Jungle Cruise; Moana, The Iron Giant, and Furious 7 all made the list.",https://open.spotify.com/episode/2jkPUUZobrwmbNYBYUBnLf
d_ILV8pB3pgqbEcNJ,235,Jukebox Musicals,Louis Peitzman and Oriana Nudo ranked the best jukebox musicals with Singin' in the Rain at #1. Across the Universe and Singin' in the Rain were each vetoed; Mamma Mia! Here We Go Again earned a polarizing top-five finish.,
d_IKSgnPSxI3co5A4,237,Merchant / Ivory,Drea Clark and Guy Branum ranked the best Merchant Ivory productions with A Room with a View at #1. Branum vetoed A Room with a View on his first selection before ultimately choosing it #1 â€” a notable veto rescission.,
d_GOyfg7fy90wQY04,238,Queer Studio Movies,Adam B. Vary and Jordan Crucchiola ranked the best queer-coded or queer-themed studio films with Victor/Victoria at #1. Victor/Victoria was vetoed by Crucchiola before earning the top spot.,
d_wU2m0mhYq6P0uCY,239,Harrison Ford Mini-Mega,"Joanna Robinson, Mallory Rubin, and Bryan Cogman ranked 13 Harrison Ford films with Raiders of the Lost Ark at #1. Air Force One was vetoed after a Trump reference was noted; Regarding Henry and Frantic earned their first-ever Screen Drafts consideration.",
d_Knc8e4Dn57mZKtX,240,Rocky/Creed Super Draft,Marc Bernardin and Ryan Marker ranked all 9 Rocky and Creed films with Creed at #1. Rocky III and Rocky IV were each vetoed; the episode was a love letter to the franchise's resilience over four decades.,
d_QbDOpn9pgQ7M3ah,241,Screwball Comedy Mini-Mega,"Bryan Cogman, Oriana Nudo, and Maureen Lee Lenker ranked 11 screwball comedies with It Happened One Night at #1. Bringing Up Baby, Arsenic and Old Lace, and Christmas in Connecticut were all vetoed.",
d_i5ix21GmgAAONPd,242,Union Movies,"Kenny Neibart and Liz Hannah ranked the best films about labor unions with Newsies at #1. Silkwood was vetoed; the episode aired during Hollywood's 2023 strikes, giving it an especially charged context.",
d_NExC0klvEWRsUIX,243,Fivequels,"Andy Levy and Mike Ryan ranked the best fifth installments in film series with Last Action Hero at #1. The episode coined the term ""Fivequel"" as a concept category.",
d_e4rB8voUVE0ogBf,244,'90s Superhero,Darren Franich and Dave Schilling ranked the best '90s superhero films with Judge Dredd at #1. Darkman was vetoed by Franich; The Shadow and The Rocketeer made the list alongside the more expected Blade and Batman Returns.,
d_PMZfWj2T1rxhhEF,245,George Clooney,Ian Karmel and Sean Jordan ranked the best George Clooney films with The Perfect Storm at #1. From Dusk Till Dawn was vetoed; O Brother Where Art Thou? and Three Kings earned high placements.,
d_irWOVJoRquPuVsW,246,Screenwriters' Directorial Debuts,Clarke Wolfe and Eva Anderson ranked the best films directed by screenwriters as their first film with Ex Machina at #1. No vetoes or overrides occurred; the list spanned The Maltese Falcon to Promising Young Woman.,
d_5Bds9bVzpvcL73g,247,Country Music,Libby Hill and Emily St. James ranked the best country music films with O Brother Where Art Thou? at #1. The Broken Circle Breakdown was vetoed by St. James; Nashville and Coal Miner's Daughter also made the list.,
d_U5w3Ap9km1N1iTO,248,Queer Crime,Kyle Turner and Juan Barquin ranked the best queer crime films with Can You Ever Forgive Me? at #1. Kajillionaire was vetoed; Scorpio Rising was removed via Commissioner Override for being a short film.,
d_EZOO0obqb5R1Rnd,249,Vietnam War Mini-Mega,"Billy Ray Brewton, Drea Clark, and Drew McWeeny ranked 11 Vietnam War films with The Boys in Company C at #1. The Deer Hunter was vetoed by Brewton; multiple vetoes and a Commissioner Override shaped this five-hour marathon episode.",
d_5fAdHhgu0nmpaKv,250,Greta Gerwig,Devan Coggan and Piya Sinha-Roy ranked the best Greta Gerwig films with Hannah Takes the Stairs at #1. No vetoes or overrides occurred; Barbie's inclusion as a top-five pick reflected the film's cultural moment.,
d_8Bl2V99U1n54Udt,251,1998 mini-Mega Draft,"Clay Keller, Thomas Grabinski, Karen Tongson, and Helen Shang ranked 13 films of 1998 with Velvet Goldmine at #1 in Shang's pick. Rounders and Funny Games were both vetoed; Deep Impact and Mulan earned surprise inclusions.",
d_u99vZJQCTmpiEdu,252,Blumhouse,Kyle Anderson and Billy Ray Brewton ranked the best Blumhouse productions with The Town That Dreaded Sundown at #1. Get Out was vetoed by Anderson; Halloween Kills was vetoed by Brewton.,
d_qD0QlR6tT4NbvtZ,253,Home Invasion,"Wynter Mitchell and Morgan Peter Brown ranked the best home invasion films with Knock Knock at #1. Home Alone, Mother!, and Funny Games (2007) were all vetoed; Morgan Peter Brown won 3-0.",
d_vjreT4wvPcbkOIv,254,Two Thumbs Down,Matt Singer and Jordan Hoffman ranked films that were negatively reviewed by Siskel and Ebert (two thumbs down) with Last Action Hero at #1. Army of Darkness was vetoed by Hoffman; Matt Singer won 3-0.,
d_ChSOhucHxhMJmIQ,255,Saw Super Draft,"Megan Amram, Walter Hollmann, and Ben Mekler ranked all 10 Saw films with Spiral at #1. Saw X was vetoed twice and Saw was vetoed; Megan Amram won the first-ever three-way Saw Super Draft.",
d_qi3DxCJJG7lmVkR,256,Halloween Super Draft,"Rebekah McKendry, Elric Kane, Graham Skipper, and Billy Ray Brewton ranked all 13 Halloween films with Halloween Ends at #1. A veto override by Skipper on Halloween Kills shaped the final rankings; Billy Ray Brewton came first.",
d_qeSHa3cnZKL1MgH,257,Don Bluth Super Draft,Joe Reid and Adam B. Vary ranked 10 Don Bluth animated films with A Troll in Central Park at #1. An American Tail was vetoed twice by Reid; Adam B. Vary won 3-0.,
d_qrj53LqfArMBy2U,258,Disney Animation Studios Mega Draft,"B.J. Colangelo, Louis Peitzman, Rebekah McKendry, and Dane McDonald ranked all 26+ Disney animated feature films across two parts with Snow White at #14 and Sleeping Beauty at #1. Multiple vetoes and overrides including a Hunchback of Notre Dame override; Dane McDonald came first.",
d_ZqlybYb0CplimPr,259,Ralph Bakshi Super Draft,William Bibbiani and Harmony Colangelo ranked 10 Ralph Bakshi films with Cool World at #1. The Lord of the Rings and Fritz the Cat rounded out a list that surveyed Bakshi's provocative animated output; Bibbiani won 3-1.,
d_ahQJOporGtF55HU,260,Judy Garland,Oriana Nudo and Maureen Lee Lenker ranked the best Judy Garland films with Summer Stock at #1. Lenker won 3-1; the list ranged from The Wizard of Oz to A Child Is Waiting.,
d_rwfH6W0tWotKriJ,261,'80s Sports Mini-Mega,"Daniel Fienberg, Alan Sepinwall, and Linda Holmes ranked 11 sports films of the 1980s with Personal Best at #1. Rocky III was vetoed by Fienberg; The Natural, Bull Durham, and Raging Bull also made the list. Fienberg won.",
d_Ri2NDYWRfCiLnIa,262,AARP Action,"Gina Ippolito and Jordan Morris ranked the best action films starring older actors (""AARP-eligible"") with Mission: Impossible â€“ Dead Reckoning Part One at #1. The Limey and The Unbearable Weight of Massive Talent were vetoed; Morris won 3-0.",
d_59LiN8j8ce8Ock9,263,Juliette Binoche Mini-Mega,"Clay Keller, Ryan Marker, and Thomas Grabinski ranked 13 Juliette Binoche films with Three Colours: Blue at #1. The Unbearable Lightness of Being had its veto overridden; multiple vetoes across rounds made this one of the most contentious mini-Megas.",
d_6OoLuEH7JbQ9h41,264,Martin Scorsese Super Draft,"A three-part Super Draft across January 2024 with Kenny Neibart, Phil Iscove, Emily St. James, Joe Reid, Chris Feil, Katey Rich, Bryan Cogman, Oriana Nudo, and Roxana Hadadi ranking Scorsese's full filmography. The Age of Innocence made the largest veto-recovery jump in show history â€” from position 29 to #1; the first Patreon Members veto override also occurred.",https://open.spotify.com/episode/3YpGavncNAlmLhnW3ieDqM
d_DPEW37voxdRAFjY,265,Criterion World Cinema Project,Ryan Marker and Marya Gates ranked seven Criterion-released world cinema films not previously drafted on the show with Sambizanga at #1. The episode highlighted overlooked international films from Limite to The Color of Pomegranates.,
d_wQfomEQTWak009A,266,Scorsese Produced Mini-Mega,"Drea Clark, Ify Nwadiwe, and Inkoo Kang ranked 11 Scorsese-produced films with Uncut Gems at #1. Multiple vetoes and overrides shaped a list that included The Grifters and The Eternal Daughter.",
d_lA308Rl2qbkhnV6,267,Queer Comedy,Kyle Turner and Juan Barquin ranked the best queer comedy films live with Some Like It Hot at #1. No rollover vetoes were used; the Mooch Rule was suspended.,
d_21TFvXhoVgjRfjt,268,Ozploitation,"Elric Kane and Blake Howard ranked the best Australian exploitation films with Roadgames at #1. Wake in Fright was removed via Commissioner Override; Mad Max, The Proposition, and Razorback all made the list.",
d_VjYEWVHSM1V6UNg,269,Stephen King Mini-Mega,"Scott Wampler, Eric Vespe, Louis Peitzman, and Wynter Mitchell ranked 13 Stephen King adaptations â€” a sequel to the show's earlier King episode â€” with The Shawshank Redemption at #1. Multiple vetoes and one override; Doctor Sleep and Gerald's Game earned inclusion alongside classics.",
d_vDEli9B9gJSdW1J,270,2023 Mega Draft,"Billy Ray Brewton, Drea Clark, Clay Keller, and Katie Walsh ranked 20 films of 2023 with All of Us Strangers at #1. Asteroid City, Jules, and BlackBerry were all vetoed; Katie Walsh finished first.",
d_GJv3ygQ0JVM9Vs8,271,Horror Musicals,"Rebekah McKendry and Graham Skipper ranked the best horror musicals with Little Shop of Horrors at #1. The Mooch Rule was suspended; multiple Commissioner Overrides removed selections, making this an unusually rule-heavy episode.",
d_3e5fH21LRxZmHSy,272,2009 Horror,"Brian Collins and Penny Cox ranked the best horror films of 2009 with Orphan at #1. Saw VI was vetoed by Cox; Jennifer's Body, Drag Me to Hell, and Thirst all made the list.",
d_Q6kZrCO1MHbvjZ6,273,Jodie Foster,Jacqueline Coley and Erik Anderson ranked the best Jodie Foster films with The Silence of the Lambs at #1. Erik Anderson won 3-1; the list ranged from Taxi Driver to Panic Room.,
d_kZrpjOY32Zm1rhG,274,Lynn Shelton Super Draft,LucĂ© Tomlin-Brenner and Ryan Marker ranked Shelton's complete filmography with Your Sister's Sister at #1. Humpday and Your Sister's Sister were each vetoed; We Go Way Back was vetoed by Marker; Ryan won 2-1.,
d_LnYeerD9q8ZnrsS,275,Aaron Sorkin Super Draft,"Mike Makowsky, Brian Duffield, and Liz Hannah ranked 10 Aaron Sorkin-written films with The Social Network at #1. Steve Jobs, The American President, and The Social Network were all vetoed; Makowsky won.",
d_o65GwJiGsw8Ag4d,276,Action Sequels,Chris Hewitt and Nick de Semlyen ranked the best action sequels with Terminator 2: Judgment Day at #1. John Wick: Chapter 2 and Indiana Jones and the Temple of Doom were vetoed; Hewitt won 3-1.,https://open.spotify.com/episode/43yUQQRwGP0iLMablDFm5I
d_OZ7Orni8LHaozX2,277,The Afterlife,William Bibbiani and Walter Chaw ranked the best films about the afterlife with After Life at #1. Heaven Can Wait and After Life were both vetoed; Walter Chaw swept 3-0.,
d_YIoNALYxBbsmr81,278,Horror Anthologies,"Clarke Wolfe and Fayna Sanchez ranked the best horror anthology films with Trick 'r Treat at #1. Creepshow was vetoed via the ""Midsommar Maneuver""; the Mooch Rule was suspended.",
d_oREDlbvIsBUoMm6,279,Vinegar Syndrome,Justin LaLiberty and Samm Deighan ranked the best Vinegar Syndrome releases with Corruption at #1. Drew McWeeny served as guest co-commissioner; LaLiberty won 3-1 in a deep dive into cult and exploitation cinema.,
d_ay4YO9DNxNp1mNO,280,Booed at Cannes,Jordan Crucchiola and Darren Franich ranked the best films that were booed at the Cannes Film Festival with Twin Peaks: Fire Walk with Me at #1. Dancer in the Dark was vetoed â€” notably Jordan's first veto in 10 appearances; Franich won 3-0.,
d_9XHaS8UGcSK0fkB,281,Natalie Portman,Dana Schwartz and Phil Iscove ranked the best Natalie Portman films with Black Swan at #1. V for Vendetta was vetoed; Dana Schwartz won 3-2 with Jackie and May December in the top five.,
d_yRVFb6ri7XCUhlZ,282,Planet of the Apes Super Draft,"Marc Bernardin, Darren Franich, and Dave Schilling ranked all 10 Planet of the Apes films with Planet of the Apes (1968) at #1. Multiple vetoes including two on Dawn of the Apes; both commissioners received goose eggs on their predictions â€” a rare shut-out.",
d_PQVCNRsSZqz78dm,283,MTV Movie Awards Best Kiss Winners,Kris Tapley and Ash Crossan ranked the best films that won the MTV Movie Award for Best Kiss with Moonlight at #1. Jackass Forever was vetoed; Moonlight became the first film to appear as the #1 selection across three separate Screen Drafts episodes.,
d_u3059y3rGlwj30L,284,Geena Davis,"Billy Ray Brewton and Drea Clark ranked the best Geena Davis films with The Long Kiss Goodnight at #1. Quick Change was vetoed; Thelma & Louise, A League of Their Own, and The Fly all made the list.",
d_XNzLPPiq7kHPatO,285,Joel Schumacher Mini-Mega,"Joe Reid and Louis Peitzman ranked the Schumacher filmography in a 9-film mini-Mega with The Client at #1. The list featured Falling Down, The Lost Boys, and Batman Forever â€” rehabilitating Schumacher's legacy.",
d_rSw1ccLYnRONs0t,286,Lesbians Mini-Mega,"Libby Hill, Jordan Crucchiola, and Emily St. James ranked 11 films about lesbian relationships and experience with Portrait of a Lady on Fire at #1. The list ranged from Desert Hearts and Carol to Bound and Show Me Love.",
d_gL7Uq2tilyp79pZ,287,Angela Bassett,Angelique Jackson and Adam B. Vary ranked the best Angela Bassett films with How Stella Got Her Groove Back at #1. How Stella was vetoed by Vary before Jackson claimed it; What's Love Got to Do with It and Malcolm X also made the list.,https://open.spotify.com/episode/6wGOPQrrKSKg6AtXTDx7JN
d_NrRY0URytKi3MMb,288,1939 Mini-Mega,"Bryan Cogman, Oriana Nudo, and Maureen Lee Lenker ranked 13 films of 1939 â€” Hollywood's greatest year â€” with The Wizard of Oz at #1. Young Mr. Lincoln was vetoed; Gone with the Wind's veto was overridden by Cogman.",
d_1ov8BtPsv2qTw1E,289,Supernatural Kids,Elliott Kalan and Jordan Morris ranked the best films about children with supernatural abilities with Kiki's Delivery Service at #1. The Tin Drum and Village of the Damned earned high placements; Spider-Man: Into the Spider-Verse made the top three.,
d_5Hmr3xnA9de8gM2,290,Jean-Claude Van Damme,"Jon Gabrus and Ryan Stanger ranked the best JCVD films with Bloodsport at #1. No vetoes occurred; Street Fighter earned a high placement, and Lionheart made a surprise top-three finish.",
d_MX8mNl44yJj5uPV,291,Retail Hell,"Mia Lee Vicino and Bethy Squires ranked the best films set in retail and commercial spaces with Clerks at #1. The list included The Watermelon Woman, Little Shop of Horrors, and Notting Hill â€” a surprisingly diverse category.",
d_eswffryaBixg7Ng,292,1994 Mini-Mega,"Drew McWeeny, Drea Clark, and Billy Ray Brewton ranked 13 films of 1994 with Hoop Dreams at #1. Crumb and Chungking Express were removed via Commissioner Override for their US release dates; Forrest Gump was vetoed by Clark.",
d_VdlQPc5zB5BCngt,293,Michael Mann Super Draft,"Roxana Hadadi, Bilge Ebiri, and Brandon Streussnig ranked 13 Michael Mann films with The Jericho Mile at #1. Ferrari and Manhunter were both vetoed; Heat, Thief, and Collateral all made the list.",
d_CzRzBHINdCoWnfG,294,Castaways,Emily St. James and Noel Murray ranked the best films about being stranded or marooned with The Black Stallion at #1. I Saw the TV Glow was removed via Commissioner Override; The Red Turtle and Lord of the Flies (1963) earned high placements.,
d_fFnfS0UTJzT0c4J,295,Michael Crichton Super Draft,"Clay Keller, Billy Ray Brewton, and Darrin Navarro ranked 22 Michael Crichton adaptations with Physical Evidence at #1. Coma was vetoed multiple times; a veto override by Keller saved Congo â€” a rare override for a film generally considered middling.",
d_9l5w4QPTAjkLDJi,296,Elmore Leonard,"Bryan Cogman and Milla Bell-Hart ranked the best Elmore Leonard adaptations with 52 Pick-Up at #1. Life of Crime and Mr. Majestyk were vetoed; Jackie Brown, Out of Sight, and Get Shorty anchored the top of the list.",
d_Mx3yhjvwDgHp6sG,297,'90s Sports Mini-Mega,"Alan Sepinwall, Linda Holmes, Jen Yamato, and Daniel Fienberg ranked 13 sports films of the 1990s with Tin Cup at #1. The Sandlot's veto was overridden by Yamato; Jerry Maguire's veto was overridden by Fienberg â€” two overrides in one episode.",
d_RDKxnBCxkJiWkAT,298,Patricia Highsmith,Katie Walsh and Louis Peitzman ranked the best Patricia Highsmith adaptations with Deep Water at #1. The Two Faces of January and The Talented Mr. Ripley were both vetoed; Purple Noon and The American Friend earned strong placements.,
d_uZY2okQHzOAdLQB,299,Bookstore & Library Movies,Two teams â€” Joanna Robinson & Katey Rich vs. Chris Feil & Joe Reid â€” ranked the best films set in bookstores or libraries with Party Girl at #1. The team format created spirited back-and-forth; Desk Set and 84 Charing Cross Road anchored the list.,
d_dz3s0ANST0d2YfV,300,1977 Horror,"Kyle Anderson and Billy Ray Brewton ranked the best horror films of 1977 on the show's 300th episode with The Hills Have Eyes at #1. The Car was vetoed; Suspiria, Eraserhead, Rabid, and House all made the list in a banner-year celebration.",
d_yWAlKSoxpMTuGzA,301,Erotic Horror,"Justin LaLiberty and Samm Deighan ranked the best erotic horror films with Trouble Every Day at #1. The Hunger, Crash (1996), and Ganja & Hess all made the list in a genre deep-dive.",
d_7j0XAxxJsvz4bdZ,302,Rural Horror,Joe George and Josh Larsen ranked the best rural and backwoods horror films with The Dead Don't Die at #1. The Texas Chain Saw Massacre and Lamb were both vetoed; Near Dark and Twin Peaks: Fire Walk with Me earned inclusion.,
d_RcAOQnvdOA345oJ,303,Classic Hammer Horror Mini-Mega,"Bryan Cogman, B.J. Colangelo, and Chris Hewitt ranked 13 classic Hammer Horror films with The Devil Rides Out at #1. The episode honored the absent LucĂ© Tomlin-Brenner's list; Frankenstein Must Be Destroyed and Quatermass and the Pit rounded out the top.",
d_6xmffwJhrZp26ur,304,Alfred Hitchcock Mega Draft,"William Bibbiani, Walter Chaw, Drea Clark, Adam B. Vary, Mark Harris, Darren Franich, Oriana Nudo, Maureen Lee Lenker, and Ben Mankiewicz ranked all 30 Hitchcock feature films across three parts with Psycho at #1. Drea Clark earned ""Screen Drafts Legend"" status during this epic multi-part draft.",
d_NoayhvEWL2t8cex,305,François Truffaut Super Draft,"Clay Keller, Ryan Marker, and Marya Gates ranked 21 Truffaut films across two parts with The 400 Blows at #1. A Patreon member protection was used; Jules and Jim was selected by Patreon vote in Part II.",
d_DnWyYOVx7gvNg8d,306,Holiday Horror (Non Christmas & Halloween),Clarke Wolfe and Samm Levine ranked the best holiday horror films not set at Christmas or Halloween with Jaws at #1. Midsommar and My Bloody Valentine 3D both made the list; Jaws as a July 4th horror film was the episode's central argument.,
d_K9c9wrBnh6nP6Af,307,Charlie Kaufman Super Draft,"Liz Shannon Miller and Angie Han ranked all 9 Charlie Kaufman-scripted and directed films with Eternal Sunshine of the Spotless Mind at #1. Synecdoche, New York was vetoed multiple times; Being John Malkovich earned a top-three finish.",
d_GHr3LyBwXxag1aX,308,Whit Stillman Mini-Super Draft,Clay Keller and Ryan Marker ranked all 5 Whit Stillman films in a Kristmas Eve mini-Super Draft with The Last Days of Disco at #1. Barcelona was vetoed once; Bryan Cogman served as commissioner.,
d_3nyf4xKNfEtXHAa,309,1999 Mini-Mega,"Ryan Marker, Phil Iscove, Kenny Neibart, and Carrie Wittmer ranked 13 films of 1999 with American Movie at #1. This was billed as the first ""redraft"" in Screen Drafts history, revisiting the year previously covered in episode 37; Ghost Dog's veto was overridden.",
d_IpRjhHAAZkDiigE,310,Sofia Coppola Super Draft,Dane McDonald and Oriana Nudo ranked all 8 Sofia Coppola features with Marie Antoinette at #1. Lost in Translation was vetoed by Patreon members â€” a memorable crowd-driven veto; The Virgin Suicides and Somewhere also made the top five.,
d_4eGl615FYhXXweq,311,Francis Ford Coppola Super Draft,"Joanna Robinson, Bryan Cogman, Drew McWeeny, Roxana Hadadi, Blake Howard, and Ryan Marker ranked all 24 Coppola features across two parts with The Godfather Part II at #1. Megalopolis earned an early placement; multiple vetoes shaped the bottom half of the list.",
d_x2dFCp7WCz3JSW7,312,American Zoetrope,Billy Ray Brewton and Ryan Marker ranked the best films produced by American Zoetrope (Coppola's production company) with American Graffiti at #1. Koyaanisqatsi and Hearts of Darkness also made the list.,
d_SLcZnZ3xDHIpryL,313,Internet Horror,"Rebekah McKendry and Elric Kane ranked the best internet-themed horror films with Pulse at #1. My Little Eye was vetoed; Host, Red Rooms, and We're All Going to the World's Fair represented the modern age of digital horror.",
d_hISuBP8fgiNqjRg,314,Vincente Minnelli,Katey Rich and Chris Feil ranked the Minnelli filmography with Meet Me in St. Louis at #1. Bells Are Ringing and The Clock were vetoed; Some Came Running and The Bad and the Beautiful earned high placements.,
d_QUSSQegWz0Z54Ov,315,2024 Mega Draft,"Ryan Marker, Billy Ray Brewton, Alonso Duralde, and Drea Clark ranked 20 films of 2024 with No Other Land at #1. Anora was vetoed twice; Challengers' veto was overridden by Marker; Drea Clark came first.",
d_AILTbYoiuXVgRNG,316,Parker Posey,"Drea Clark vs. Patreon Members (via Drew McWeeny) ranked the best Parker Posey films with Party Girl at #1. No vetoes occurred; Waiting for Guffman, Best in Show, and Dazed and Confused all made the list.",
d_lCSBBqOvu9K9cy7,317,Vacation Horror,"Louis Peitzman and Alison Willmore ranked the best vacation horror films with The Vanishing (1988) at #1. No vetoes occurred; The Descent, An American Werewolf in London, and Infinity Pool all made the list.",
d_5HhiR9H4orOSkmo,318,Texas Chainsaw Massacre Super Draft,Graham Skipper and Jill Gevargizian ranked all 9 Texas Chainsaw Massacre films with The Texas Chain Saw Massacre at #1. Texas Chainsaw 3D was vetoed twice by Skipper; TCM: The Beginning was also vetoed.,
d_UsMBxCj2BmCfdJY,319,Timothée Chalamet,Dane McDonald and Katie Walsh ranked the best TimothĂ©e Chalamet films with Call Me by Your Name at #1. Lady Bird was vetoed by McDonald; Dune: Part Two and Bones and All also made the top five.,
d_Qhdy2OhkWeQRJzI,320,True Crime Documentaries,"Billy Ray Brewton and Ben Hethcoat ranked the best true crime documentaries with The Thin Blue Line at #1. No vetoes occurred; Dear Zachary, The Act of Killing, and Paradise Lost 3 all made the list.",
d_7EMbvVJKQDmeRFP,321,DC Berlantiverse Super Draft,"Chancellor Agard, Ryan Marker, and Kyle Anderson ranked 11 DC/CW television shows with Superman & Lois at #1. This was the first Screen Drafts episode to draft exclusively television programs; Doom Patrol and Supergirl were each vetoed.",
d_96nf7SEagwE1g62,322,Tony/ Dan Gilroy,"Darren Franich and Adam B. Vary ranked the best films written or directed by the Gilroy brothers with Nightcrawler at #1. No vetoes or overrides occurred; Michael Clayton, The Bourne Identity, and The Cutting Edge all made the list.",
d_5dhWTBzZBgyEIOP,323,Body Swap,B.J. Colangelo and Harmony Colangelo ranked the best body swap films with Your Name at #1. Your Name was vetoed by Harmony before being rescued; Face/Off and Freaky Friday (2003) also made the list.,https://open.spotify.com/episode/2PHi9SjS0LxwozIbh6i5QC
d_9Mwiggg3N0tvbaP,324,Disney Attractions Super Draft,Kevin Tully and Mike Scollins ranked films adapted from Disney theme park attractions with Pirates of the Caribbean: The Curse of the Black Pearl at #1. Tomorrowland and Dead Man's Chest were vetoed; Mission to Mars and Country Bears earned affectionate inclusions.,
d_40uSgnMhO8V9OZy,325,90's School Rom-Coms,Phil Iscove and Esther Zuckerman ranked the best high school romantic comedies of the 1990s with Clueless at #1. Rushmore was vetoed by Zuckerman; Can't Hardly Wait and 10 Things I Hate About You also made the list.,
d_HKpUC7JyJRkkGST,326,Gene Hackman Mini-Mega,"Bryan Cogman, Mitchell Beaupre, Milla Bell-Hart, and Roxana Hadadi (via Ryan Marker) ranked 13 Gene Hackman films with The Conversation at #1. The Royal Tenenbaums and Hoosiers each had vetoes overridden; Unforgiven and The French Connection also made the list.",
d_aa4KHoY4pQwGUnG,327,Kathryn Bigelow Super Draft,"Eric Vespe and Mallory O'Meara ranked 10 Kathryn Bigelow films with Strange Days at #1. The list ranged from The Loveless to Zero Dark Thirty; Near Dark, The Hurt Locker, and Point Break all made the top five.",
d_xVe92UiblhlisZV,328,Mission Impossible Super Draft,"In a special seven-legend draft, Darren Franich, Drea Clark, Clay Keller, Bryan Cogman, Billy Ray Brewton, Ryan Marker, and Graham Skipper each ranked one Mission: Impossible film using ""rabbit's foot"" mechanics with a single veto and override per person. Mission: Impossible â€“ Fallout earned two veto attempts â€” the most vetoed film in the draft.",
d_RGUHDgHfq9wWOMI,329,The Two Coreys,Billy Ray Brewton and Katie Walsh ranked the best films starring Corey Haim and/or Corey Feldman with The Lost Boys at #1. Dream a Little Dream was vetoed; Stand by Me and The 'Burbs also made the list.,
d_mGddvKUcogmWEu2,330,Time Loop,"William Bibbiani and Clem Bastow ranked the best time-loop films with Edge of Tomorrow at #1. The list featured Triangle, The Endless, and Source Code â€” favoring darker and more structurally complex takes on the premise.",
d_XK614NqN31T2ipB,331,Cameron Crowe,Guy Branum and Wynter Mitchell ranked the best Cameron Crowe films with Jerry Maguire at #1. Vanilla Sky was vetoed by Mitchell and Singles was vetoed by Branum â€” each party blocking one of the other's picks.,
d_cozQIcEUahq6kZe,332,Action Comedy,"Patrick Willems and Matthew Krol ranked the best action comedies with Grosse Pointe Blank at #1. Demolition Man was vetoed; Hot Fuzz, Midnight Run, Big Trouble in Little China, and Kung Fu Hustle all made the list.",
d_dfsnebIolWqDJTL,333,John Patrick Shanley,"Drew McWeeny and Jordan Crucchiola ranked 9 Shanley-written films with Joe Versus the Volcano at #1. Moonstruck, Congo, and Joe Versus the Volcano all entered the Marquee of Fame; Doubt achieved a ""Hat Trick"" â€” its third Screen Drafts appearance.",
d_yOmQncgiGKp6OVb,334,SyFy Channel Original Movies,Thomas Vitale (former Syfy president) and Alex Terapane ranked the best Syfy original movies with Sharknado 2: The Second One at #1. The list celebrated Syfy's creature-feature legacy from Sharktopus to Ghost Shark.,
d_G4k2V9tYTVWsKXc,335,Neon Mini-Mega,"Demma Strausbaugh, Cyntisha Coats, and Imani Davis ranked 11 Neon-distributed films with Parasite at #1. Pig and Ingrid Goes West were vetoed; Anatomy of a Fall and Anora also made the list.",
d_OzmJo4Mtzm5xfrH,336,Standalone (non-franchise) Sci-Fi,"Bill Bria and Ashley Coffin ranked the best standalone (non-franchise) science fiction films with Interstellar at #1. Total Recall was vetoed; E.T., District 9, and The Fifth Element all made the list.",
d_8Qs8yPDAgNyywpc,337,Peter Jackson Super Draft,"Josh Miller and Matt Mercer ranked the Peter Jackson filmography with The Lord of the Rings: The Fellowship of the Ring at #1. The Frighteners and King Kong were each vetoed; Bad Taste, Braindead, and Heavenly Creatures all made the list.",
d_MofIRXippsRQwnX,338,2000's Sports mini-Mega,"Daniel Fienberg, Linda Holmes, Jen Yamato, and Alan Sepinwall ranked 13 sports films of the 2000s with Love & Basketball at #1. Love & Basketball was vetoed twice by Sepinwall; Lagaan, Bend it Like Beckham, and The Wrestler all made the list.",
d_5sULOwDGrXWRIp8,339,Car Racing,Ryan Marker and Kenny Neibart ranked the best car racing films with Grand Prix at #1. Le Mans was vetoed twice and Grand Prix was also vetoed; Ford v. Ferrari and Speed Racer also made the list.,
d_fIy6H28In1Cw6hU,340,21st Century Best Supporting Actress Winning Films,"Two teams â€” ""Team This Had Oscar Buzz"" vs. ""Team Chasing Amy Adams"" â€” ranked the best films in which an actress won the Best Supporting Actress Oscar in the 21st century with Chicago at #1. Dreamgirls was vetoed; the team format created an unusual collaborative drafting experience.",
d_Tf8kFkrcLmye1td,341,Summer 2025,"Clay Keller and Dave Schilling ranked their favorite films from summer 2025 with Sinners at #1. No predictions were made due to the last-minute nature of the episode; Superman, 28 Years Later, and Final Destination Bloodlines all made the list.",
d_ioZeGOk00YZDB8H,342,College Girls,"Katie Walsh and Milla Bell-Hart ranked the best films set at or about women in college with Legally Blonde at #1. Legally Blonde was self-vetoed by Walsh before she rescued it; Spring Breakers and Black Christmas each achieved ""Grand Slam"" status.",
d_AQlUvcrB1QSG2VQ,343,Bigfoot & Cryptids,Ryan Marker and Steve Berg ranked the best cryptid-focused films with Demonwarp at #1. Incident at Loch Ness and Sasquatch Sunset were vetoed; Harry and the Hendersons earned an affectionate top placement.,
d_T8UTAqeCAtM3zSP,344,Mockumentary,Billy Ray Brewton and Graham Skipper ranked the best mockumentary films with Lake Mungo at #1. Apollo 11 was removed via Commissioner Override; Popstar: Never Stop Never Stopping was self-vetoed; Best in Show achieved a Hat Trick.,
d_P1NlleRyBAjykk9,345,'70's Comedy mini-Mega,"Bryan Cogman, Oriana Nudo, and Drew McWeeny ranked 13 comedy films of the 1970s with Blazing Saddles at #1. Real Life, Blazing Saddles, and Life of Brian were vetoed; four films achieved Hat Tricks.",
d_IThMISUR0dfc4q4,346,'00s Horror Mini-Mega,"Billy Ray Brewton, Clark Collis, and Kyle Anderson ranked 13 horror films of the 2000s with The Ring at #1. The House of the Devil and Signs were vetoed; Shaun of the Dead and 28 Days Later achieved Hat Tricks.",
d_15b4D3mvrTsDu0K,347,Paranormal Activity Super Draft,DeVaughn Taylor and Mary Beth McAndrews ranked all 7 Paranormal Activity franchise films with Paranormal Activity at #1. Paranormal Activity: The Marked Ones and Paranormal Activity were both vetoed; Paranormal Activity 3 achieved a Hat Trick and Paranormal Activity itself achieved a Grand Slam.,
d_Bg6tkkU3iVHWoGP,348,Korean Horror,Eric Plese and Ryan Estrada ranked the best Korean horror films with A Tale of Two Sisters at #1. The Chaser and Train to Busan (self-veto) were vetoed; The Wailing and The Housemaid also made the list; The Housemaid entered the Marquee of Fame.,
d_rJ8bHxDpyga0zb6,349,Female Directed Horror Mini-Mega,"B.J. Colangelo, Teri Gamble, and Julia Marchese ranked 13 female-directed horror films with Pet Sematary (Mary Lambert) at #1. Hellbender and Ghostwatch were vetoed; Jennifer's Body, The Substance, and Near Dark all made the list.",
d_DIEVbi2LC92fzu3,350,Dario Argento,"Dave Schilling and Danielle Radford ranked the best Dario Argento films with Deep Red at #1. Suspiria, Deep Red, and Opera were each vetoed in various rounds; Tenebre and Deep Red entered the Marquee of Fame; Suspiria achieved a Hat Trick.",
d_x2YeXHirvwYTYfD,351,Errol Flynn & Olivia de Havilland Super Draft,Bryan Cogman and Maureen Lee Lenker ranked 8 Flynn-de Havilland collaborations with Captain Blood at #1. Four's a Crowd was vetoed; The Adventures of Robin Hood entered the Marquee of Fame and became a Unified #1; Lenker achieved MVP status.,
d_bgS8LMI5FK3dk93,352,Chess,William Bibbiani and Darren Mooney ranked the best films about chess with Searching for Bobby Fischer at #1. Fresh entered the Marquee of Fame; Searching for Bobby Fischer achieved a Hat Trick.,
d_q6vQlkixiSpdwbZ,353,Paul Verhoeven Super Draft,"Darren Franich, Jordan Crucchiola, and Louis Peitzman ranked 17 Verhoeven features with Showgirls at #1. RoboCop, Basic Instinct, and Showgirls each achieved Hat Trick status; Total Recall achieved a Grand Slam â€” the most decorated films in a single episode.",
d_X3iMHGtjo0q5aSH,354,Movies About Theatre Mini-Mega,"Bryan Cogman, Joanna Robinson, Graham Skipper, and Maureen Lee Lenker ranked 13 films about theatre with All That Jazz at #1. The list featured Hamnet, Topsy-Turvy, Opening Night, and Tick Tick Boom â€” a rich survey of theatrical-world cinema.",
d_iAcWvC2FlPCdf64,355,Robert Altman Super Draft,"Ryan Marker, Mitchell Beaupre, and Walter Chaw ranked all 35 Robert Altman features across two episodes (Part I in November 2025, Part II in April 2026) with M*A*S*H among the most contested selections. Multiple vetoes across all four parts shaped the rankings; M*A*S*H was vetoed before landing mid-list.",
d_32B2CtLv3dPyglR,356,Yorgos Lanthimos Super Draft,Riley Stearns and Thomas Grabinski ranked the full Lanthimos filmography with The Killing of a Sacred Deer at #1. Bugonia was vetoed before being reselected; Grabinski won 3-0; My Best Friend was excluded due to Lanthimos' disavowal of the film.,
d_kBmkJp1WhyM1P6w,357,Snowy Horror,"Josh Miller and Henry McComas ranked the best snow-set horror films with The Thing at #1. The Last Winter was vetoed; Let the Right One In, Dead Snow, and 30 Days of Night all made the list.",
d_pfDo2YdMCzFy442,358,Sidney Poitier Mini-Mega,"Imani Davis, Maureen Lee Lenker, and Oriana Nudo ranked 11 Sidney Poitier films with In the Heat of the Night at #1. A guest veto was overridden on The Defiant Ones; Sneakers was vetoed; Lenker came first.",
d_ndvATklhz9LFbEO,359,Miriam Hopkins,Clay Keller and Ryan Marker ranked the best Miriam Hopkins films on Christmas Eve with The Story of Temple Drake at #1. Dr. Jekyll and Mr. Hyde was vetoed before returning; the episode ended in a 3-3 tie decided by coin flip â€” the first tie in Screen Drafts history.,
d_gWUbxZDmfkkQ3dj,360,2000 Mini-Mega,"Clay Keller, Darren Franich, Roxana Hadadi, and Emily St. James ranked 13 films of 2000 with Yi Yi at #1. Wonder Boys was vetoed twice; Ghost Dog and Yi Yi were also vetoed; Clay came first.",
d_7Hek3xt2kL5fomk,361,Paul W.S. Anderson Super Draft,"Jordan Crucchiola, Dave Schilling, and William Bibbiani ranked 15 Paul W.S. Anderson films as the first installment in January 2026's ""Anderson Month"" with Shopping at #1. Event Horizon was vetoed before being rescued; Mortal Kombat was awarded to Patreon members. William Bibbiani won.",
d_qgtxGHVWNukWN2z,362,Wes Anderson Super Draft,"Clay Keller, Bryan Cogman, Billy Ray Brewton, and Drea Clark ranked 13 Wes Anderson films in the second week of Anderson Month with The Royal Tenenbaums at #1. Drea's veto of Moonrise Kingdom was overridden by Billy Ray; Patreon Members vetoed The Royal Tenenbaums before Keller reclaimed it. Drea Clark won.",
d_HYVeFAf1Sj7dmQr,363,Brad Anderson Super Draft,"Oriana Nudo, Darren Franich, and Graham Skipper ranked the Brad Anderson filmography with Session 9 at #1 in the third Anderson Month installment. Multiple veto overrides occurred; Nudo was inaugurated as a Screen Drafts Legend during this episode.",
d_o3qKTkC2U9ZpuaL,364,Paul Thomas Anderson Super Draft,"Ryan Marker, Katie Walsh, and Cory Everett ranked the Paul Thomas Anderson filmography with There Will Be Blood at #1. Magnolia's veto was overridden by Walsh in the episode's defining moment; Katie Walsh won.",
d_8f6FxXn17BuNkFW,365,Action Horror,"Justin LaLiberty and Brandon Streussnig ranked the best action horror films with Cobra at #1. The Heroic Trio was vetoed by LaLiberty; Near Dark, Resident Evil: Retribution, and Maniac Cop 2 all made the list.",
d_fQ9sjFKZWezT1M6,366,Hawke + Linklater Super Draft,Marya Gates and Robert Daniels ranked the best films featuring the Ethan Hawke & Richard Linklater collaboration with Before Midnight at #1.,
d_cC1L65TRR1fnxiq,367,The Hire Super Draft,"Clay Keller and Blake Howard ranked all 9 BMW Films ""The Hire"" short films directed by top filmmakers. Blake Howard vetoed multiple Clay Keller selections â€” Beat the Devil twice and Hostage â€” in a spirited competition over this unique branded-content series.",https://open.spotify.com/episode/0mB3DPWS2CSTNij5ISbqRT?si=UXf-NMagTvCzyrk540zyVw
d_bnAdBCregximyyH,368,1980 Mini-Mega,Drew McWeeny and Bobby Roberts ranked 8 films of 1980 with The Shining at #1. Airplane! was vetoed by Roberts; The Empire Strikes Back was vetoed by McWeeny â€” both major films falling to vetoes in a banner-year draft.,https://open.spotify.com/episode/6EaPG3qQxfYzR2r45AHJkF?si=a4f9fc8b633d46f3
d_VAik26QSnYD5djL,369,2025 Mega Draft,"Ryan Marker, Drea Clark, Katie Walsh, and Daniel Waters ranked 20 films of 2025 with One Battle After Another at #1. Daniel Waters overrode Katie Walsh's veto of Blue Moon; Katie Walsh came first.",https://open.spotify.com/episode/7vnzLvijnR7WnQ1IH1ciWG?si=4eb1ccaba9184bb9
d_EGuCNuLEne2ZUUC,370,Holly Hunter Mini-Mega,Clay Keller and Phil Iscove ranked the best Holly Hunter films with Broadcast News at #1. Clay Keller self-vetoed Incredibles 2; Home for the Holidays was vetoed by Iscove; Crash and Living Out Loud also made the list.,https://open.spotify.com/episode/6nQX4jw8njp1EdgMMZTlwc?si=c781aa4b4d584c99
d_51uYW89vIagXLVc,371,George A. Romero,"Daniel Kraus and Greg Nicotero ranked the best George A. Romero films with Night of the Living Dead at #1. Knightriders was vetoed by Nicotero; Dawn of the Dead, Martin, and Day of the Dead all made the list.",https://open.spotify.com/episode/41BiGwunPnqM4puJh93j0e?si=58d5ca453d734a70
d_tilSTxAw0tCa3yX,372,Nuns,Rosalie Kicks and Ryan Silberstein ranked the best films about nuns with Black Narcissus at #1. Doubt was vetoed by Silberstein; Viridiana was vetoed by Kicks; the list ranged from The Devils to Ida.,https://open.spotify.com/episode/2IT0yckxyWL8YXif1H0f5b?si=5abe6756de504ae8
d_72vJfK2avSwh9py,373,Diane Keaton,Bryan Cogman and Oriana Nudo ranked the best Diane Keaton films with Reds at #1. Oriana self-vetoed Manhattan Murder Mystery after learning its release date followed sexual misconduct allegations â€” a rare ethics-based veto; Annie Hall and The Godfather Part II also made the list.,https://open.spotify.com/episode/7ptm4xS8H7yykSackCmB7a?si=15193571196e4662
d_93D8XhxDldTnpQR,374,21st Century British Isles Indie mini-Mega,"Clark Collis, Piya Sinha-Roy, and Billy Ray Brewton ranked 11 21st-century British indie films with In the Loop at #1. Starred Up, Eden Lake, and Under the Skin were all vetoed; Four Lions and Attack the Block rounded out an eclectic list.",https://open.spotify.com/episode/53qDmMyT38zPyfA4pUds7A?si=e178e04786ff4a54
