title,imdb_id
And Justice for All,tt0078718
Three Amigos!,tt0092086
10 Things I Hate About You,tt0147800
Adam Sandler: 100% Fresh,tt9036126
12 Monkeys,tt3148266
1408,tt0450385
1941,tt0078723
20 Million Miles to Earth,tt0050084
"20,000 Leagues Under the Sea",tt0046672
2001: A Space Odyssey,tt0062622
2010: The Year We Make Contact,tt0086837
21 Jump Street,tt1232829
28 Days Later,tt0289043
28 Weeks Later,tt0463854
3:10 to Yuma (2007),tt0381849
3:10 to Yuma,tt0050086
"4 Months, 3 Weeks and 2 Days",tt1032846
42nd Street,tt0024034
48 Hrs.,tt0083511
50 First Dates,tt0343660
52 Pick-Up,tt0090567
84 Charing Cross Road,tt0090570
84C MoPic,tt0096744
8MM,tt0134273
92 in the Shade,tt0072594
A Better Tomorrow,tt0092263
A Boy and His Dog,tt0072730
A Bug's Life,tt0120623
A Child Is Waiting,tt0056930
A Christmas Carol (1984),tt0087056
A Christmas Tale,tt0993789
A Ciambra,tt6802896
A Clockwork Orange,tt0066921
A Dickens of a Holiday!,tt15235708
A Different Man,tt21097228
A Face in the Crowd,tt0050371
A Few Good Men,tt0104257
A Fistful of Dollars,tt0058461
A Gorgeous Girl Like Me,tt0069442
A Hard Day's Night,tt0058182
A Haunting in Venice,tt22687790
A History of Violence,tt0399146
A League of Their Own,tt0104694
A Lizard in a Woman's Skin,tt0067361
A Matter of Life and Death,tt0038733
A Midnight Clear,tt0102443
A Midsummer Night’s Dream,tt0140379
A Midsummer Night's Dream,tt0026714
A Nightmare on Elm Street,tt0087800
A Nightmare on Elm Street (2010),tt1179056
A Nightmare on Elm Street 3: Dream Warriors,tt0093629
A Nightmare on Elm Street 3: Dream Warrirors,tt0093629
A Nightmare on Elm Street 4: The Dream Master,tt0095742
A Nightmare on Elm Street Part 2: Freddy's Revenge,tt0089686
A Nightmare on Elm Street: The Dream Child,tt0097981
A Painted House,tt0362001
A Poem Is A Naked Person,tt0424359
A Prairie Home Companion,tt0420087
A Quiet Place,tt6644200
A Quiet Place: Day One,tt13433802
A Room with a View,tt0091867
A Separation,tt1832382
A Serious Man,tt1019452
A Simple Plan,tt0120324
A Soldier's Daughter Never Cries,tt0120835
A Star Is Born,tt1517451
A Teacher,tt10680614
A Time to Kill,tt0117913
A Troll in Central Park,tt0108395
A Very Merry Mix-Up,tt3131456
A View to a Kill,tt0090264
A Warm December,tt0070898
A Woman's Torment,tt0076930
A.I. Artificial Intelligence,tt0212720
Abbott and Costello Meet Frankenstein,tt0040068
About a Boy,tt0276751
About Time,tt2194499
Ace Attorney,tt5603356
Ace in the Hole,tt0043338
Across the Universe,tt0445922
Ad Astra,tt2935510
Adaptation,tt0268126
Adventureland,tt1091722
After Earth,tt1815862
After Hours,tt0088680
After Life,tt0165078
After Yang,tt8633464
Aftersun,tt19770238
Air Force One,tt0118571
Airplane!,tt0080339
Akeelah and the Bee,tt0437800
Akira,tt0094625
Ali,tt0248667
Alice Doesn't Live Here Anymore,tt0071115
Alice in Wonderland,tt0043274
Alien,tt0078748
Alien 3,tt0103644
Alien vs. Predator,tt0370263
Alien: Covenant,tt2316204
Alien: Resurrection,tt0118583
Aliens,tt0090605
Aliens vs Predator: Requiem,tt0758730
All About My Mother,tt0185125
All Dogs Go to Heaven,tt0096787
All is True,tt9206798
All Monsters Attack,tt0064373
All Night Long,tt0054614
All of Us Strangers,tt21192142
All Quiet on the Western Front,tt1016150
All the Beauty and the Bloodshed,tt21374850
All the Fine Young Cannibals,tt0053582
All the President's Men,tt0074119
All We Imagine as Light,tt32086077
Alligator,tt0080354
Almost Famous,tt0181875
Alone in the Dark,tt0369226
Always,tt0096794
Amarcord,tt10264444
Amazon Women on the Moon,tt0092546
American Beauty,tt0169547
American Dream,tt0099028
American Gangster,tt0765429
American Graffiti,tt0069704
American Honey,tt3721936
American Hustle,tt1800241
American Movie,tt0181288
American Pop,tt0082009
American Psycho,tt0144084
Amistad,tt0118607
Amityville 1992: It’s About Time,tt0103678
An American Christmas Carol,tt0078764
An American in Paris,tt0043278
An American Tail,tt0090633
An American Tail: Fievel Goes West,tt0101329
An American Werewolf in London,tt0082010
An Unexpected Christmas,tt15766640
Anastasia,tt0118617
Anatomy of a Fall,tt17009710
Anatomy of a Murder,tt0052561
Anchorman: The Legend of Ron Burgundy,tt0357413
Aniara,tt7589524
Animal Kingdom,tt5574490
Anne of the Thousand Days,tt0064030
Annihilation,tt2798920
Anomalisa,tt2401878
Anora,tt28607951
Another Round,tt10288566
Ant-Man,tt0478970
Ant-Man and the Wasp,tt5095030
Antony and Cleopatra,tt0068920
Antropophagus,tt0082479
Apocalypse Now,tt0078788
Apocalypse Now,tt0078788
Apollo 11,tt8760684
Apollo 13,tt0112384
Arachnophobia,tt0099052
"Are You There God? It's Me, Margaret.",tt9185206
Army of Darkness,tt0106308
Arrival,tt2543164
Arsenic and Old Lace,tt0036613
Assassin's Creed,tt2094766
Assault on Precinct 13,tt0074156
Asteroid City,tt14230388
Atomic Blonde,tt2406566
Attack the Block,tt1478964
Au Revoir les Enfants,tt0092593
Austenland,tt1985019
Austin Powers: International Man of Mystery,tt0118655
Autumn Sonata,tt0077711
Avatar,tt0499549
Avatar: The Way of Water,tt1630029
Avengers: Age of Ultron,tt2395427
Avengers: Endgame,tt4154796
Avengers: Infinity War,tt4154756
Away from Her,tt0491747
Baby Face,tt0023775
Babylon,tt10640346
Back to the Future,tt0088763
Back to the Future Part II,tt0096874
Back to the Future Part III,tt0099088
Bad Boys,tt0112442
Bad Boys II,tt0172156
Bad Education,tt8206668
Bad Influence,tt0099091
Bad Santa,tt0307987
Bad Taste,tt0092610
Ball of Fire,tt0033373
Bambi,tt0034492
Barb & Star Go to Vista Del Mar,tt3797512
Barbie,tt1517268
Barcelona,tt0109219
Barking Dogs Never Bite,tt0269743
Barry Lyndon,tt0072684
Barton Fink,tt0101410
Basic Instinct,tt0103772
Bat*21,tt0094712
Batman,tt0059968
Batman & Robin,tt0118688
Batman: The Movie,tt0060153
Batman (1989),tt0096895
Batman Begins,tt0372784
Batman Forever,tt0112462
Batman Returns,tt0103776
Batman v Superman: Dawn of Justice,tt2975590
Batman: Mask of the Phantasm,tt0106364
Battle for the Planet of the Apes,tt0069768
Baxter,tt0094713
Beaches,tt0094715
Beasts of the Southern Wild,tt2125435
Beautiful Girls,tt0115639
Beauty and the Beast,tt2771200
Becoming Jane,tt0416508
Bed and Board,tt0065651
Beetlejuice,tt0094721
Before Midnight,tt2209418
Before Sunrise,tt0112471
Before the Devil Knows You're Dead,tt0292963
Being John Malkovich,tt0120601
Being the Ricardos,tt4995540
Bells are Ringing,tt0053645
Below,tt0276816
Beneath the Planet of the Apes,tt0065462
Best in Show,tt0218839
Better Days,tt9586294
Beverly Hills Cop,tt0086960
Big Boys,tt24486184
Big Business,tt0094739
Big Hero 6,tt2245084
Big Trouble in Little China,tt0090728
Bill & Ted's Bogus Journey,tt0101452
Bill & Ted's Excellent Adventure,tt0096928
Billy Elliot,tt0249462
Birds of Prey and the Fantabulous Emancipation of One Harley Quinn,tt7713068
Bit,tt8425034
Black Bear,tt9601220
Black Christmas,tt0071222
Black Dynamite,tt1190536
Black Hawk Down,tt0265086
Black Legion,tt0027367
Black Orpheus,tt0053146
Black Panther,tt1825683
Black Panther: Wakanda Forever,tt9114286
Black Roses,tt0094752
Black Sabbath,tt0057603
Black Sheep,tt0115697
Black Swan,tt0947798
Black Widow,tt3480822
BlackBerry,tt21867434
Blackboard Jungle,tt0047885
Blackhat,tt2717822
BlacKkKlansman,tt7349662
Blade,tt0120611
Blade Runner,tt0083658
Blade Runner 2049,tt1856101
Blaze,tt6443294
Blazing Saddles,tt0071230
Blind Beast,tt0140384
Blind Date,tt0092666
Blood and Black Lace,tt19355610
Blood Simple,tt0086979
Bloodsport,tt0092675
Bloody Moon,tt0083156
Blow the Man Down,tt8299768
Blue Velvet,tt0090756
Boarding Gate,tt0493402
Bob & Carol & Ted & Alice,tt0064100
Body Bags,tt0106449
Body Double,tt0086984
Body Heat,tt0082089
Body Parts,tt0101492
Boiler Room,tt0181984
Bone Tomahawk,tt2494362
Bonjour Tristesse,tt0051429
Boogie Nights,tt0118749
Booksmart,tt1489887
Boomerang,tt0103859
Borat Subsequent Moviefilm,tt13143964
Born on the 4th of July,tt0096969
Both Sides of the Blade,tt13535920
Bottle Rocket,tt0115734
Bottoms,tt17527468
Bound,tt0115736
Bowfinger,tt0131325
Boxcar Bertha,tt0068309
Boxing Helena,tt0106471
Boys Don't Cry,tt0171804
Boyz n the Hood,tt0101507
Braindead,tt0103873
Brainstorm,tt0085271
Bram Stoker’s Dracula,tt0103874
Bram Stoker's Dracula,tt0103874
Brave,tt1217209
Brazil,tt0088846
Breakdown,tt0118771
Breakfast at Tiffany’s,tt0054698
Breaking Away,tt0078902
Bride of Chucky,tt0144120
Bridesmaids,tt1478338
Bridge of Spies,tt3682448
Bridget Jones’s Diary,tt0243155
Brief Encounter,tt0037558
Bring It On,tt0204946
Bring Me the Head of Alfredo Garcia,tt0071249
Bringing Out the Dead,tt0163988
Bringing Up Baby,tt0029947
Broadcast News,tt0092699
Brokeback Mountain,tt0388795
Broken Arrow,tt0115759
The Brother from Another Planet,tt0087004
Brown Sugar,tt0297037
B'Twixt Now and Sunrise,tt22246056
Bubble,tt0454792
Buffalo '66,tt0118789
Bug,tt0470705
Bull Durham,tt0094812
Bullet in the Head,tt0099426
Bully,tt0242193
Burn After Reading,tt0887883
Burning,tt7282468
Butch Cassidy and the Sundance Kid,tt0064115
Byzantium,tt1531901
C.R.A.Z.Y.,tt0401085
Cabaret,tt0068327
Caché,tt0387898
Cadet Kelly,tt0294425
Call Me by Your Name,tt5726616
Cam,tt8361028
Camelot,tt0061439
Camera Buff,tt0078763
Can You Ever Forgive Me?,tt4595882
Candyman,tt9347730
Cannibal Holocaust,tt0078935
Cape Fear,tt0101540
Capote,tt0379725
Captain America: Civil War,tt3498820
Captain America: The First Avenger,tt0458339
Captain America: The Winter Soldier,tt1843866
Captain EO,tt0090793
Captain Kronos – Vampire Hunter,tt0071276
Captain Marvel,tt4154664
Carlos,tt1321865
Carol,tt2402927
Carrie,tt0074285
Cars,tt0317219
Cars 2,tt1216475
Cars 3,tt3606752
Casablanca,tt0034583
Casino,tt0112641
Casino Royale,tt0381061
Cast Away,tt0162222
Castle Freak,tt0112643
Casualties of War,tt0097027
Catch Me If You Can,tt0264464
Cats,tt5697572
Cat's Eye,tt0088889
Cecil B. Demented,tt0173716
Center Stage,tt0210616
Certain Women,tt4468634
Certified Copy,tt1020773
Challengers,tt16426418
Charade,tt0056923
Charlie Wilson's War,tt0472062
Chasing Amy,tt0118842
Children of the Corn,tt0087050
Child's Play,tt0094862
Child's Play (2019),tt8663516
Child's Play 2,tt0099253
Child's Play 3,tt0103956
Chimes at Midnight,tt0059012
China Moon,tt0109417
Chinatown,tt0071315
Chocolate,tt1183252
Chopper,tt0221073
Chopping Mall,tt0090837
Christine,tt0085333
Christmas Eve in Miller's Point,tt25052668
Christmas Evil,tt0081793
Christmas Getaway,tt7688990
Christmas in Connecticut,tt0037595
Christmas with the Kranks,tt0388419
"Christmas, Again",tt3894188
Chungking Express,tt0109424
Citizen Kane,tt0033467
Citizen Ruth,tt0115906
City of Angels,tt0120632
City of the Living Dead,tt0081318
Clean,tt10023022
Clear and Present Danger,tt0109444
Cléo from 5 to 7,tt0055852
Clerks,tt0109445
Cliffhanger,tt0106582
Climax,tt8359848
Clockers,tt0112688
Close Encounters of the Third Kind,tt0075860
Close-up,tt0100234
Cloud Atlas,tt1371111
Clouds of Sils Maria,tt2452254
Cloverfield,tt1060277
Clueless,tt0112697
C'mon C'mon,tt10986222
Coal Miner's Daughter,tt0080549
Cobra,tt0090859
Coco,tt2380307
Cocoon,tt0088933
Coffee and Cigarettes,tt0379217
Cold Water,tt0109702
Collateral,tt0369339
Collective,tt10706602
Color of Night,tt0109456
Colossal,tt4680182
Coma,tt0077355
Come September,tt0054759
Coming to America,tt0094898
Commando,tt0088944
Communion,tt0097100
Con Air,tt0118880
Conan the Barbarian,tt0082198
Confessions of a Dangerous Mind,tt0270288
Confidentially Yours,tt0086551
Congo,tt0112715
Connie and Carla,tt0345074
Conquest,tt0085356
Conquest of the Planet of the Apes,tt0068408
Contact,tt0118884
Contagion,tt1598778
Cool and the Crazy,tt0109479
Cool Hand Luke,tt0061512
Cool World,tt0104009
Coonskin,tt0071361
Cop Land,tt0118887
Coraline,tt0327597
Coriolanus,tt1372686
Corruption,tt0061520
Coupe de Ville,tt0099310
Crash,tt0115964
Crashing Through the Snow,tt14809392
Crawl,tt8364368
"Crazy, Stupid, Love",tt1570728
Creature from the Black Lagoon,tt0046876
Creed,tt3076658
Creed II,tt6343314
Creed III,tt11145118
Creepshow,tt0083767
Crimson Tide,tt0112740
Critical Thinking,tt7870102
Croc,tt1127177
Crooklyn,tt0109504
Cross of Iron,tt0074695
"Crouching Tiger, Hidden Dragon",tt0190332
Crumb,tt0109508
Cujo,tt0085382
Cult of Chucky,tt3280262
Curse of Chucky,tt2230358
Cyborg,tt0097138
D.E.B.S.,tt0367631
Da 5 Bloods,tt9777644
Da Sweet Blood of Jesus,tt3104930
Dagon,tt0264508
Damage,tt0104237
Damn Yankees,tt0051516
Damsels in Distress,tt1667307
Dancer in the Dark,tt0168629
Daredevil,tt3322312
Dark Age,tt0092830
Dark City,tt0118929
Dark Passage,tt0039302
X-Men: Dark Phoenix,tt6565702
Dark Victory,tt0031210
Darkman,tt0099365
Darkness,tt0273517
David Byrne's American Utopia,tt11874226
Dawn of the Dead,tt0363547
Dawn of the Dead (1978),tt0077402
Dawn of the Planet of the Apes,tt2103281
Day for Night,tt0070460
Day of the Animals,tt0075913
Day of the Dead,tt0088993
Dazed and Confused,tt0106677
Dead Man,tt0112817
Dead of Night,tt0068457
Dead Ringers,tt12923632
Deadfall,tt1667310
Deadly Blessing,tt0082245
Deadly Games,tt0083803
Deadpool,tt1431045
Deadpool 2,tt5463162
Dealing: Or the Berkeley-to-Boston Forty-Brick Lost-Bag Blues,tt0068455
Dear White People,tt2235108
Death and the Maiden,tt0109579
Death Becomes Her,tt0104070
Death on the Nile (1978),tt0077413
Death Wish 3,tt0089003
Deathdream,tt0068457
Deathgasm,tt3705412
Decision to Leave,tt12477480
Deep Impact,tt0120647
Deep Red,tt0073582
Deep Rising,tt0118956
Deep Water,tt2180339
Defending Your Life,tt0101698
Delicatessen,tt0101700
Deliver by Christmas,tt11847642
Dementia 13,tt0056983
Demolition Man,tt0106697
Demonlover,tt0284034
Desert Hearts,tt0089015
Desk Set,tt0050307
Desperate Living,tt0075936
Desperately Seeking Susan,tt0089017
Destroy All Monsters,tt0063172
Destry Rides Again,tt0031225
Desyat Negrityat,tt0092879
Detective Pikachu,tt5884052
Devil in a Blue Dress,tt0112857
Dial M for Murder,tt0046912
Diamonds Are Forever,tt0066995
Dick,tt0144168
Dick Johnson is Dead,tt11394180
Die Another Day,tt0246460
Die Hard,tt0095016
Die Hard with a Vengeance,tt0112864
Die Hard with a Vengeance,tt0112864
Dinocroc,tt0365653
Dirty Dancing,tt0092890
Dirty Pretty Things,tt0301199
Dirty Rotten Scoundrels,tt0095031
Disappearing Acts,tt0243220
Disaster Movie,tt1213644
Disclosure,tt0109635
Disorder,tt4085084
Django,tt0060315
"Django Kill... If You Live, Shoot!",tt0062082
Django Unchained,tt1853728
Doctor Sleep,tt5606664
Doctor Strange,tt1211837
Doctor Strange in the Multiverse of Madness,tt9419884
Dodes'ka-den,tt0065649
Dolemite Is My Name,tt8526872
Dominion: Prequel to the Exorcist,tt0449086
Bob Dylan: Dont Look Back,tt0061589
Don't Torture a Duckling,tt0069019
Double Impact,tt0101764
Double Indemnity,tt0036775
Doubt,tt0918927
Downhill,tt4558376
Dr. Jekyll and Sister Hyde,tt0068502
Dr. No,tt0055928
Dr. Strangelove or: How I Learned to Stop Worrying and Love the Bomb,tt0057012
Dr. T & the Women,tt0205271
Dracula,tt9139220
Dracula A.D. 1972,tt0068505
Drag Me to Hell,tt1127180
Dragonslayer,tt0082288
Driftwood,tt0112904
Drive,tt0780504
Drive Angry,tt1502404
Drop Dead Gorgeous,tt0157503
Drop Zone,tt0109676
Dudes,tt0092933
Duel,tt0067023
Dumb and Dumber,tt0109686
Dumbo,tt3861390
E.T. the Extra-Terrestrial,tt0083866
Easy Living,tt0041328
Eat the Document,tt0233629
Eaten Alive,tt0074455
Ed Wood,tt0109707
Eddie Murphy: Delirious,tt0085474
Edmond,tt0443496
Edward Scissorhands,tt0099487
Eight Men Out,tt0095082
Eighth Grade,tt7014006
Eileen,tt5198890
El Mariachi,tt0104815
Election,tt0126886
Elizabeth,tt0127536
Emma Mae,tt0074477
Emma.,tt9214832
Emperor of the North Pole,tt0070030
Empire of the Sun,tt0092965
Encanto,tt2953050
Enchanted,tt0461770
Endless Night,tt0067052
Enemy of the State,tt0120660
Equilibrium,tt0238380
ER: 24 Hours,tt0295222
Eraserhead,tt0074486
Erin Brockovich,tt0195685
Escape from New York,tt0082340
Escape from the Planet of the Apes,tt0067065
Escape to Witch Mountain,tt0072951
Eternal Sunshine of the Spotless Mind,tt0338013
Eternals,tt9032400
Event Horizon,tt0119081
Everybody Wants Some!!,tt2937696
Everything Everywhere All at Once,tt6710474
Eve's Bayou,tt0119080
Evil Dead II,tt0092991
Evil Dead Rise,tt13345606
Evolution,tt0251075
Ex Libris,tt6209282
Ex Machina,tt0470752
Excalibur,tt0082348
Exorcist: The Beginning,tt0204313
Extreme Close-Up,tt0070048
Extremely Loud & Incredibly Close,tt0477302
Eye of the Beholder,tt0120662
Eyes Wide Shut,tt0120663
F for Fake,tt0072962
Face/Off,tt0119094
Faces of Death,tt0077533
Fahrenheit 451,tt0060390
Falling Down,tt0106856
Family Plot,tt0074512
Fancy Dance,tt21813994
Fanny and Alexander,tt0083922
Fantasia,tt0032455
Fantastic Mr. Fox,tt0432283
Fargo,tt2802850
Fast Company,tt0079138
Fast Five,tt1596343
Faster,tt1433108
Fat Kid Rules the World,tt1995304
Fear,tt0116287
FeardotCom,tt0295254
Felicia's Journey,tt0165773
Female Trouble,tt0072979
Fences,tt2671706
Ferrari,tt3758542
Field of Dreams,tt0097351
Fight for Your Life,tt0076023
Final Destination,tt0195714
Final Fantasy: The Spirits Within,tt0173840
Find Me Guilty,tt0419749
Finding Dory,tt2277860
Finding Nemo,tt0266543
Finian's Rainbow,tt0062974
Oh Christmas Tree!,tt2665200
Fire and Ice,tt0085542
First Blood,tt0083944
First Comes Courage,tt0035883
First Cow,tt9231040
First Man,tt1213641
First Reformed,tt6053438
Flight,tt1907668
Flight of the Navigator,tt0091059
Flow,tt4772188
Fools Rush In,tt0119141
For Your Eyes Only,tt0082398
Forbidden Planet,tt0049223
Ford v Ferrari,tt1950186
Foreign Correspondent,tt0032484
Forgetting Sarah Marshall,tt0800039
Forrest Gump,tt0109830
Fortress,tt0106950
The Four of the Apocalypse...,tt0073594
Four Weddings and a Funeral,tt0109831
Foxcatcher,tt1100089
Frailty,tt0264616
Frances Ha,tt2347569
Frankenstein,tt0021884
Frankenstein Meets the Wolf Man,tt0035899
Frankenstein Must Be Destroyed,tt0065738
Frantic,tt0095174
Freaky,tt10919380
Freaky Friday,tt0322330
Freddy Got Fingered,tt0240515
Freddy vs. Jason,tt0329101
Freddy’s Dead: The Final Nightmare,tt0101917
Frenzy,tt0068611
Frequency,tt0186151
Fresh,tt13403046
Frida,tt0120679
Friday the 13th,tt0080761
Friday the 13th (2009),tt0758746
Friday the 13th Part 2,tt0082418
Friday the 13th Part III,tt0083972
Friday the 13th Part VI: Jason Lives,tt0091080
Friday the 13th Part VII: The New Blood,tt0095179
Friday the 13th Part VIII: Jason Takes Manhattan,tt0097388
Friday the 13th: A New Beginning,tt0089173
Friday the 13th: The Final Chapter,tt0087298
Fright Night,tt1438176
Fritz the Cat,tt0068612
From Beyond,tt0091083
From Dusk Till Dawn,tt0116367
From Russia with Love,tt0057076
Frozen,tt2294629
Frozen II,tt4520988
Fruitvale Station,tt2334649
FUBAR,tt13064902
Full Metal Jacket,tt0093058
Funny Face,tt0050419
Funny Games,tt0119167
Funny Games (2007),tt0808279
Funny People,tt1201167
Furious 7,tt2820852
Gangs of New York,tt0217505
Ganja & Hess,tt0068619
Garden State,tt0333766
Gardens of Stone,tt0093073
Gerald's Game,tt3748172
Get Him to the Greek,tt1226229
Get Out,tt5052448
Get Over It,tt0192071
Get Shorty,tt0113161
"Ghidorah, the Three-Headed Monster",tt0058544
Ghost,tt0099653
Ghost Dog: Way of the Samurai,tt0165798
Ghost Rider,tt0259324
Ghostbusters: Afterlife,tt4513678
Ghostlight,tt30321095
Girls Trip,tt3564472
Glass,tt6823368
Glory,tt0097441
Gods and Monsters,tt0120684
God's Country,tt0091125
Godzilla,tt0047034
Godzilla (2014),tt0831387
Godzilla Minus One,tt23289160
Godzilla vs. Destoroyah,tt0113187
Godzilla vs. Hedorah,tt0067148
Godzilla vs. SpaceGodzilla,tt0109916
"Godzilla, Mothra and King Ghidorah: Giant Monsters All-Out Attack",tt0279112
Godzilla: Final Wars,tt0399102
Godzilla: King of the Monsters,tt3741700
Gold Diggers of 1933,tt0024069
Golden Boy,tt0031377
GoldenEye,tt0113189
Goldfinger,tt0058150
Goldstone,tt4911996
Gone with the Wind,tt0031381
"Good Morning, Vietnam",tt0093105
Goodfellas,tt0099685
Gravity,tt1454468
Green Room,tt4062536
Greenberg,tt1234654
Gremlins,tt0087363
Gremlins 2: The New Batch,tt0099700
Grey Gardens,tt0073076
Grindhouse,tt0462322
Grumpy Old Men,tt0107050
Guardians of the Galaxy,tt2015381
Guardians of the Galaxy Vol 2,tt3896198
Guillermo del Toro's Pinocchio,tt1488589
Hachi: A Dog's Tale,tt1028532
Hackers,tt0113243
"Hail, Caesar!",tt0475290
Hairspray,tt0095270
Halloween,tt0077651
Halloween (2007),tt0373883
Halloween (2018),tt1502407
Halloween 4: The Return of Michael Myers,tt0095271
Halloween 5: The Revenge of Michael Myers,tt0097474
Halloween Ends,tt10665342
Halloween H20: 20 Years Later,tt0120694
Halloween II,tt0082495
Halloween II (2009),tt1311067
Halloween III: Season of the Witch,tt0085636
Halloween Kills,tt10665338
Halloween: Resurrection,tt0220506
Halloween: The Curse of Michael Myers,tt0113253
Halloweentown,tt0173886
Hamburger Hill,tt0093137
Hamlet,tt0040416
Hannah and Her Sisters,tt0091167
Hannah Takes the Stairs,tt0841108
Hannibal Rising,tt0367959
Happy as Lazzaro,tt6752992
Happy Birthday to Me,tt0082498
Happy Death Day,tt5308322
Happy Gilmore,tt0116483
Happy Together,tt0118845
Hard Boiled,tt0104684
Hard Eight,tt0119256
Hard Target,tt0107076
Hard to Handle: Bob Dylan in Concert,tt0091172
Harper,tt0060490
Harry & Son,tt0087386
Harry Potter and the Goblet of Fire,tt0330373
Harry Potter and the Prisoner of Azkaban,tt0304141
Hawkeye,tt10160804
Hearts of Darkness: A Filmmaker's Apocalypse,tt0102015
Hearts of Fire,tt0093163
Heat,tt0113277
Heathers,tt0097493
Heaven Can Wait,tt0077663
Heaven Can Wait (1978),tt0077663
Heavenly Creatures,tt0110005
Heaven's Gate,tt0080855
Heavy Traffic,tt0070165
Hedwig and the Angry Inch,tt0248845
Hellbound: Hellraiser II,tt0095294
Hello Mary Lou: Prom Night II,tt0093176
Hellraiser,tt0093177
Hellraiser III: Hell on Earth,tt0104409
Hellraiser: Bloodline,tt0116514
Hellraiser: Deader,tt0337636
Hellraiser: Inferno,tt0229440
Hellraiser: Revelations,tt1716747
Help!,tt0059260
Henry V,tt0036910
Henry: Portrait of a Serial Killer,tt0099763
Hercules,tt1267297
Here,tt18272208
Hereditary,tt7784604
Hero,tt0299977
Hey Good Lookin',tt0084070
Hidden Figures,tt4846340
High and Low,tt0057565
High Art,tt0139362
High Flying Bird,tt8128188
High Life,tt4827558
High Noon,tt0044706
High School Musical,tt0475293
High Sierra,tt0033717
Highlander,tt0091203
His Girl Friday,tt0032599
History of the World: Part I,tt0082517
Hitch,tt0386588
Hitched for the Holidays,tt2256703
Hitman Hart: Wrestling with Shadows,tt0179218
Hobo with a Shotgun,tt1640459
Holiday Affair,tt0041473
Holiday Heart,tt0250425
Holidays,tt4419364
Hombre,tt0061770
Home Alone,tt0099785
Home for the Holidays,tt0113321
Home from the Hill,tt0053917
Homeward Bound: The Incredible Journey,tt0107131
"Honey, I Shrunk the Kids",tt0097523
Hook,tt0102057
Hoop Dreams,tt0110057
Hoosiers,tt0091217
Host,tt12749596
House,tt0076162
House of Frankenstein,tt0036931
House of Wax,tt0397065
House on Haunted Hill (1959),tt0051744
House on the Edge of the Park,tt0080503
How Stella Got Her Groove Back,tt0120703
How to Succeed in Business Without Really Trying,tt0061791
Howard the Duck,tt0091225
Howards End,tt0104454
Hubie Halloween,tt10682266
Hud,tt0057163
Hudson Hawk,tt0102070
Hugo,tt0970179
Human Nature,tt0219822
Humpday,tt1334537
Hundreds of Beavers,tt12818328
Hustle,tt8009428
I Am a Fugitive from a Chain Gang,tt0023042
I Am Legend,tt0480249
I Declare War,tt2133239
I Know Who Killed Me,tt0897361
I Live in Fear (Record of a Living Being),tt0048198
I Married a Strange Person!,tt0119346
I Married a Witch,tt0034881
I Saw the Devil,tt1588170
I Saw the TV Glow,tt15574270
I Walked with a Zombie,tt0036027
Idiocracy,tt0387808
Idle Hands,tt0138510
If Beale Street Could Talk,tt7125860
Ikiru,tt0044741
I'm Not There,tt0368794
I'm Thinking of Ending Things,tt7939766
Imagine,tt0172586
Imitation of Life,tt0052918
In a Lonely Place,tt0042593
In Bruges,tt0780536
In Fabric,tt7464188
In My Skin,tt8594528
In Paris,tt0769508
In Search of the Castaways,tt0056095
In the Bedroom,tt0247425
In the Bleak Midwinter,tt0113403
In the Cut,tt0199626
In the Loop,tt1226774
In the Mood for Love,tt0118694
In the Summers,tt24805832
Inception,tt1375666
Incredibles 2,tt3606756
Indecent Proposal,tt0107211
Independence Day,tt0116629
Indiana Jones and the Kingdom of the Crystal Skull,tt0367882
Indiana Jones and the Last Crusade,tt0097576
Indiana Jones and the Temple of Doom,tt0087469
Inglourious Basterds,tt0361748
Ingrid Goes West,tt5962210
Inherent Vice,tt1791528
Innerspace,tt0093260
Insiang (Philippines),tt0077740
Inside,tt14781036
Inside Llewyn Davis,tt2042568
Inside Man,tt10948716
Inside Out,tt2096673
Insidious,tt1591095
Intermission,tt0332658
Interstellar,tt0816692
Interview with the Vampire,tt0110148
Intolerable Cruelty,tt0138524
Invasion of the Body Snatchers,tt0077745
Invasion U.S.A.,tt0089348
Ip Man 4: The Finale,tt2076298
Irma Vep,tt13649314
Iron Man,tt0371746
Iron Man 2,tt1228705
Iron Man 3,tt1300854
Irréversible,tt0290673
Island of Death,tt0188527
It,tt0018033
It Follows,tt3235888
It Happened One Night,tt0025316
It: Chapter One,tt1396484
It's a Mad Mad Mad Mad World,tt0057193
It's a Wonderful Life,tt0038650
Jack,tt0116669
Jack and Jill,tt0810913
Jackass Forever,tt11466222
Jackass Number Two,tt0493430
Jackass: The Movie,tt0322802
Jackie,tt1619029
Jackie Brown,tt0119396
Jamaica Inn,tt0031505
Jason and the Argonauts,tt0057197
Jason Goes to Hell: The Final Friday,tt0107254
Jason X,tt0211443
Jaws,tt0073195
Jennifer's Body,tt1131734
Jerry Maguire,tt0116695
Jigoku,tt0154683
Jigsaw,tt3348730
Jinnah,tt0183306
Joe Dirt,tt0245686
Joe Versus the Volcano,tt0099892
John Wick,tt2911666
John Wick: Chapter 2,tt4425200
Johnny Dangerously,tt0087507
Johnny Guitar,tt0047136
Josie and the Pussycats,tt0236348
Journey to the Center of Time,tt0061850
Judge Dredd,tt0113492
Jules,tt15428940
Jules and Jim,tt0055032
Julius Caesar,tt0045943
Jumanji,tt0113497
Jumanji: Welcome to the Jungle,tt2283362
Jumpin' Jack Flash,tt0091306
Jumping the Broom,tt1640484
Junebug,tt0418773
Jungle Cruise,tt0870154
Junior Bonner,tt0068786
Juno,tt0467406
Jurassic Park,tt0107290
Jurassic Park III,tt0163025
Jurassic World: Fallen Kingdom,tt4881806
Kagemusha,tt0080979
Kajillionaire,tt8143990
Kenny & Company,tt0074739
Kickboxer,tt0097659
Kidnapped,tt14137416
Kids in the Hall: Brain Candy,tt0116768
Kiki's Delivery Service,tt0097814
Kill Bill: Vol. 1,tt0266697
Killer Crocodile,tt0143338
Killers of the Flower Moon,tt5537002
Killing Them Softly,tt1764234
Kimi,tt14128670
King Kong,tt0024216
King Kong vs. Godzilla,tt0056142
King Lear,tt7473890
Kingdom of the Planet of the Apes,tt11389872
Kinsey,tt0362269
Kiss Kiss Bang Bang,tt0373469
Kiss Me Deadly,tt0048261
Kiss Me Kate,tt0045963
Kiss of Death,tt0039536
Knights of the Round Table,tt0045966
Knives Out,tt8946378
Knock Knock,tt3605418
Knocked Up,tt0478311
Koyaanisqatsi,tt0085809
Krampus,tt3850590
Kraven the Hunter,tt8790086
Kubo and the Two Strings,tt4302938
Kumiko The Treasure Hunter,tt3263614
Kundun,tt0119485
Kung Fu Master!,tt0093371
L.A. Confidential,tt0119488
La Bûche,tt0211286
Labyrinth,tt0091369
"Ladies and Gentlemen, the Fabulous Stains",tt0082639
Lady Bird,tt4925292
Lady in the Water,tt0452637
Lady in White,tt0095484
Lady Snowblood,tt0158714
Laggies,tt2034031
Lake Placid,tt0139414
Lamb,tt9812474
Lancelot du Lac,tt0071737
Lara Croft: Tomb Raider,tt0146316
Lars and the Real Girl,tt0805564
Last Action Hero,tt0107362
Last Night,tt1294688
Last Night in Soho,tt9639470
"Late August, Early September",tt0167925
Law of Desire,tt0093412
Lawrence of Arabia,tt0056172
Le Bonheur,tt0058985
Leaving Las Vegas,tt0113627
Legend,tt3569230
Legend of the Red Dragon,tt0110054
Léon: The Professional,tt0110413
Les Amants du Pont-Neuf,tt0101318
Les Misérables,tt1707386
Let Him Go,tt9340860
Let the Sunshine In,tt6423776
Let Them All Talk,tt10808832
Lethal Weapon 2,tt0097733
Letters from Iwo Jima,tt0498380
Leviathan,tt0097737
Licence to Kill,tt0097742
Licorice Pizza,tt11271038
Life is Sweet,tt0100024
Life of Brian,tt0079470
Life of Crime,tt1663207
Lifeboat,tt0037017
Lifeforce,tt0089489
Lilo & Stitch,tt0275847
Limbo,tt21833834
Limite (Brazil),tt0022080
Lincoln,tt0443272
Lionheart,tt0100029
Lisa,tt0100031
Little Shop of Horrors,tt0091419
Little Women,tt0110367
Live and Let Die,tt0070328
Logan,tt3315342
Logan Lucky,tt5439796
Loki,tt9140554
Long Shot,tt2139881
Long Weekend,tt11020728
Look Who's Talking,tt0097778
Looker,tt0082677
Looking for Alibrandi,tt0217629
Looper,tt1276104
Lord of the Flies (1963),tt0057261
Lords of Chaos,tt4669296
Lost in Space,tt5232792
Lost in Translation,tt0335266
Lost Souls,tt0160484
Love & Basketball,tt0199725
Love & Friendship,tt3068194
Love Actually,tt0314331
Love at the Thanksgiving Day Parade,tt2415496
Love in the Afternoon,tt0050658
Love on the Run,tt0078771
Love Streams,tt0087644
Love with the Proper Stranger,tt0057263
"Love, Simon",tt5164432
Lovely & Amazing,tt0258273
Lucas,tt0091445
Lucky Numbers,tt0219952
Mac and Me,tt0095560
Macbeth,tt0067372
MacGruber,tt11621710
Mad Max,tt0079501
Mad Max: Fury Road,tt1392190
Made in America,tt0107478
Maestro,tt5535276
Magic Mike XXL,tt2268016
Magical Mystery Tour,tt0061937
Magnolia,tt0175880
Major League,tt0097815
Malcolm X,tt0104797
Malice,tt0107497
Malignant,tt3811906
Mamma Mia! Here We Go Again,tt6911608
Man Bites Dog,tt0103905
Man of Steel,tt0770828
Man of the West,tt0051899
Man on Fire,tt0328107
Mandy,tt6998518
Mangrove,tt1826747
Manhunter,tt0091474
Maniac,tt5580146
Manifest Destiny,tt4468892
Mank,tt10618286
Marathon Man,tt0074860
Marie Antoinette,tt0422720
Marnie,tt0058329
Marriage Story,tt7653254
Mary and Max,tt0978762
Mary Poppins,tt0058331
Mass,tt11389748
Matador,tt0091495
Matchstick Men,tt0325805
Matewan,tt0093509
Maurice,tt0093512
Mauvais Sang,tt0091497
Maximum Overdrive,tt0091499
May December,tt13651794
McCabe & Mrs. Miller,tt0067411
Me and You and Everyone We Know,tt0415978
Mean Girls,tt0377092
Mean Streets,tt0070379
Meek’s Cutoff,tt1518812
Meet Me in St. Louis,tt0037059
Meet the Robinsons,tt0396555
Megalopolis,tt10128846
Melancholia,tt1527186
Memento,tt0209144
Memories of Murder,tt0353969
Men in Black,tt0119654
Men in Black 3,tt1409024
Mermaids,tt0100140
Metallica: Some Kind of Monster,tt0387412
Metropolis,tt0017136
Metropolitan,tt0100142
Miami Blues,tt0100143
Miami Vice,tt0086759
Michael Clayton,tt0465538
Mickey,tt0277895
Mickey's Christmas Carol,tt0085936
Midsommar,tt8772262
Mighty Joe Young,tt0120751
Mildred Pierce,tt1492030
Miller's Crossing,tt0100150
Minari,tt10633456
Minority Report,tt0181689
Miracle on 34th Street,tt0110527
"Mirror, Mirror",tt0117058
Misery,tt0100157
Mishima: A Life in Four Chapters,tt0089603
Miss Julie,tt2667960
Miss Juneteenth,tt11394158
Mission: Impossible,tt0117060
Mission: Impossible – Dead Reckoning Part One,tt9603212
Mission: Impossible – Fallout,tt4912910
Mission: Impossible – Ghost Protocol,tt1229238
Mission: Impossible – Rogue Nation,tt2381249
Mississippi Masala,tt0102456
Mississippi Mermaid,tt0064990
Mistress America,tt2872462
Moana,tt3521164
Molly's Game,tt4209788
Mom and Dad,tt5462326
Mommie Dearest,tt0082766
Moneyball,tt1210166
Monkey Shines,tt0095652
Monster,tt0340855
Monsters University,tt1453405
"Monsters, Inc.",tt0198781
Monty Python and the Holy Grail,tt0071853
Monty Python's The Meaning of Life,tt0085959
Mooch,tt0284316
Moon Knight,tt10234724
Moonlight,tt4975722
Moonraker,tt0079574
Moonrise Kingdom,tt1748122
Moonstruck,tt0093565
Mortal Kombat,tt0113855
Morvern Callar,tt0300214
Mother,tt1216496
mother!,tt5109784
Moulin Rouge!,tt0203009
Movie 43,tt1333125
Mr. 3000,tt0339412
Mr. Deeds,tt0280590
Mr. Majestyk,tt0071866
Mr. Mike’s Mondo Video,tt0079583
Mr. Smith Goes to Washington,tt0031679
Mrs Brown,tt0119280
Mrs. Doubtfire,tt0107614
Ms. Marvel,tt10857164
Much Ado About Nothing,tt0107616
Mulan,tt4566758
Mulholland Drive,tt0166924
Multiple Maniacs,tt0067454
Munich,tt0408306
Muppet*Vision 3-D,tt0102481
Muppets Most Wanted,tt2281587
Mur Murs,tt0081204
Murder by Numbers,tt0264935
Murder on the Orient Express (1974),tt0071877
"Murder, She Said",tt0055205
Muscle,tt0095472
My Best Friend's Wedding,tt0119738
My Bloody Valentine,tt0082782
My Bloody Valentine 3D,tt1179891
My Cousin Vinny,tt0104952
My Effortless Brilliance,tt1183684
My Fair Lady,tt0058385
My Little Eye,tt0280969
My Man Godfrey,tt0028010
My Night at Maud's,tt0064612
My Old Ass,tt18559464
My Super Psycho Sweet 16,tt1488584
Myra Breckinridge,tt0066115
Mysterious Island,tt0055207
Naked Lunch,tt0102511
Nashville,tt2281375
National Treasure,tt0368891
National Velvet,tt0037120
Near Dark,tt0093605
Needful Things,tt0107665
Network,tt0074958
Never Rarely Sometimes Always,tt7772582
Never Say Never Again,tt0086006
New Jack City,tt0102526
New Nightmare,tt0111686
"New York, New York",tt0076451
Newsies,tt0104990
Night Moves,tt0073453
Night of the Comet,tt0087799
Night of the Demon,tt0081229
Night of the Demons,tt0093624
Night of the Living Dead,tt0063350
Nightcrawler,tt2872718
Nighthawks,tt0082817
Nightmare Alley,tt0039661
Ninotchka,tt0031725
Nixon,tt0113987
No Country for Old Men,tt0477348
No Direction Home: Bob Dylan,tt0367555
No Other Land,tt30953759
No Sudden Move,tt11525644
No Time to Die,tt2382320
No Way to Treat a Lady,tt0063356
Nobody's Fool,tt0110684
Nomadland,tt9770150
Non-Fiction,tt7250056
Nope,tt10954984
Norma Rae,tt0079638
North by Northwest,tt0053125
North Country,tt0395972
Notes on a Scandal,tt0465551
Notorious,tt0038787
Notting Hill,tt0125439
Now and Then,tt0114011
Now You See Me,tt1670345
"O Brother, Where Art Thou?",tt0190590
Obvious Child,tt2910274
Ocean’s Eleven,tt0240772
October Sky,tt0132477
Octopussy,tt0086034
Office Space,tt0151804
Okja,tt3967856
Old,tt10954652
Old Henry,tt12731980
Old Joy,tt0468526
Oldboy,tt0364569
Oliver!,tt0063385
Olympus Has Fallen,tt2302755
On Her Majesty's Secret Service,tt0064757
On the Rocks,tt9606374
On the Waterfront,tt0047296
Once,tt0907657
Once Upon a Time in America,tt0087843
Once Upon a Time in the West,tt13544442
Once Upon a Time… in Hollywood,tt7131622
One Christmas Eve,tt3725224
One Cut of the Dead,tt7914416
One from the Heart,tt0084445
One Hundred and One Dalmatians,tt0055254
One Night in Miami…,tt10612922
"One Sings, the Other Doesn't",tt0076855
One Wonderful Sunday,tt0039871
One-Eyed Jacks,tt0055257
Only Angels Have Wings,tt0031762
Onward,tt7146812
Open Range,tt0316356
Oppenheimer,tt15398776
Orion and the Dark,tt28066777
Orphan,tt1148204
Oscar,tt0102603
Othello,tt0045251
Ouija: Origin of Evil,tt4361050
Out of Sight,tt0120780
Out of Time,tt0313443
Outside In,tt7260048
Paddington,tt1109624
Paddington 2,tt4468740
Pain and Glory,tt8291806
Panic Room,tt0258000
Paper Moon,tt0070510
Paperhouse,tt0098061
Paradise Lost 2: Revelations,tt0239894
Parallel Mothers,tt12618926
Paranormal Activity,tt1179904
Paranormal Activity 3,tt1778304
ParaNorman,tt1623288
Parasite,tt6751668
Paris Blues,tt0055278
Paris is Burning,tt0100332
"Paris, Texas",tt0087884
Party Girl,tt0114095
Passages,tt16252698
Passenger 57,tt0105104
Passing,tt8893974
Past Lives,tt13238346
Pat Garrett and Billy the Kid,tt0070518
Paths of Glory,tt0050825
Pearl,tt18925334
Pecker,tt0126604
Peeping Tom,tt0054167
Peggy Sue Got Married,tt0091738
Pelle the Conqueror,tt0093713
Pennies From Heaven,tt0082894
Perceval le Gallois,tt0078073
Perfect Blue,tt0156887
Persepolis,tt0808417
Personal Best,tt0084489
Personal Shopper,tt4714782
Persuasion,tt26933001
Pet Sematary,tt0098084
Pet Sematary Two,tt0105128
Peter Pan,tt0046183
Petey Wheatstraw,tt0078078
Petite Maman,tt13204490
Phantasm,tt0079714
Phantom of the Paradise,tt0071994
Philadelphia,tt0107818
Phone Booth,tt0183649
Physical Evidence,tt0098093
Pieces of a Woman,tt11161474
Pig,tt11003218
Pinball Summer,tt0082902
Pineapple Express,tt0910936
Pink Flamingos,tt0069089
Pink Floyd – The Wall,tt0084503
Pinocchio,tt0032910
Piranha,tt0078087
Pirates of the Caribbean: The Curse of the Black Pearl,tt0325980
Pitch Black,tt0134847
Planet of the Apes (1968),tt0063442
Planet of the Apes (2001),tt0133152
Platoon,tt0091763
Pleasantville,tt0120789
Please Give,tt0878835
Pocahontas,tt0114148
Point Break,tt0102685
Pollyanna,tt0054195
Poltergeist,tt0084516
Polyester,tt0082926
Poor Things,tt14230458
Popstar: Never Stop Never Stopping,tt3960412
Port Authority,tt7587282
Portrait of a Lady on Fire,tt8613070
Possession,tt0082933
Postcards From the Edge,tt0100395
Praying with Anger,tt0105162
Predator,tt0093773
Predator 2,tt0100403
Predators,tt1424381
Presumed Innocent,tt0100404
Pretty in Pink,tt0091790
Prey,tt11866324
Pride & Prejudice,tt0414387
Primal Fear,tt0117381
Primary Colors,tt0119942
Prince of Darkness,tt0093777
Princess Mononoke,tt0119698
Priscilla,tt22041854
Prisioneros de la tierra,tt0176049
Professor Marston and the Wonder Women,tt6133130
Prometheus,tt1446714
Promising Young Woman,tt9620292
Psycho,tt0054215
Public Enemies,tt1152836
Pulp Fiction,tt0110912
Pulse,tt0286751
Pumping Iron,tt0076578
Punks,tt0160710
Purple Noon,tt0054189
Purple Rain,tt0087957
Pursuit,tt0069137
Quantum of Solace,tt0830515
Quatermass and the Pit,tt0062168
Querelle,tt0084565
Quick Change,tt0100449
Quigley Down Under,tt0102744
Quiz Show,tt0110932
"Quo vadis, Aida?",tt8633462
Rabid,tt0076590
Race with the Devil,tt0073600
Rachel Getting Married,tt1084950
Raging Bull,tt0081398
Raiders of the Lost Ark,tt0082971
Raising Arizona,tt0093822
Rambling Rose,tt0102753
Ran,tt0089881
Rare Exports: A Christmas Tale,tt1401143
Ratatouille,tt0382932
Raw,tt4954522
Razorback,tt0087981
Ready or Not,tt7798634
Ready Player One,tt1677720
Real Life,tt0079781
Real Steel,tt0433035
Reality Bites,tt0110950
Re-Animator,tt0089885
Rear Window,tt0047396
Rebecca,tt0032976
Rebel Without a Cause,tt0048545
REC,tt1038988
RED,tt1245526
Red Cliff,tt0425637
Red Dawn,tt0087985
Red Eye,tt0421239
Red River,tt0040724
Red Rooms,tt22207786
Reefer Madness: The Movie Musical,tt0404364
Regarding Henry,tt0102768
Repo Man,tt0087995
Rescue Dawn,tt0462504
Reservoir Dogs,tt0105236
Resident Evil: Extinction,tt0432021
Star Wars: Episode VI - Return of the Jedi,tt0086190
User reviews,tt19719836
Trivia,tt0049674
FAQ,tt0053220
IMDbPro,tt0056412
All topics,tt0048021
Star Wars: Episode VI - Return of the Jedi,tt0053221
Ripley's Game,tt0265651
Rise of the Planet of the Apes,tt1318514
Rising Sun,tt0107969
Rituals,tt0076630
River of Grass,tt0110998
Road to Perdition,tt0257044
Roadgames,tt0083000
Roar,tt0083001
Robin Hood,tt0070608
RoboCop,tt0093870
Robot Jox,tt0102800
Rock ’n’ Roll High School,tt0079813
Rock-a-Doodle,tt0102802
Rocketman,tt2066051
Rocky,tt0075148
Rocky Balboa,tt0479143
Rocky II,tt0079817
Rocky III,tt0084602
Rocky IV,tt0089927
Rocky V,tt0100507
Rogue One: A Star Wars Story,tt3748528
Rollerball,tt0073631
Rolling Thunder Revue: A Bob Dylan Story by Martin Scorsese,tt9577852
Roman Holiday,tt0046250
Romance,tt0194314
Romeo + Juliet,tt0117509
Romeo and Juliet,tt0063518
Romy and Michele’s High School Reunion,tt0120032
Rope,tt0040746
Rosemary's Baby,tt0063522
Rounders,tt0128442
RRR,tt8178634
Rumble Fish,tt0086216
Runaway,tt0088024
Runaway Jury,tt0313542
Runaway Train,tt0089941
Rushmore,tt0128445
Rust and Bone,tt2053425
S.W.A.T.,tt6111130
Sabotage,tt0028212
IMDbPro,tt0035279
Sabrina,tt0047437
Salem's Lot,tt0079844
"Salò, or the 120 Days of Sodom",tt0073650
Sambizanga (Angola),tt0069214
Samson and Delilah,tt0041838
San Andreas,tt2126355
Sandy Wexler,tt5893332
Saving Private Ryan,tt0120815
Saw,tt0387564
Saw 3D,tt1477076
Saw II,tt0432348
Saw III,tt0489270
Saw IV,tt0890870
Saw V,tt1132626
Saw VI,tt1233227
Saw X,tt21807222
Scary Movie,tt0175142
Schindler's List,tt0108052
Schizopolis,tt0117561
School of Rock,tt0332379
Scorpio Rising,tt0058555
Scott Pilgrim vs. the World,tt0446029
Scream,tt11245972
Scream 3,tt0134084
Scrooge,tt0066344
A Christmas Carol,tt0044008
Scrooge (1970),tt0066344
Scrooged,tt0096061
Sea of Love,tt0098273
Searching for Bobby Fisher,tt0108065
Seconds,tt0060955
Secretary,tt0274812
Seed of Chucky,tt0387575
Selena,tt0120094
Sense and Sensibility,tt0114388
Sentimental Destinies,tt0216689
Serial Mom,tt0111127
Seven Psychopaths,tt1931533
Seven Samurai,tt0047478
"Sex, Lies, and Videotape",tt0098724
Sexy Beast,tt0203119
Shadow Kingdom: The Early Songs of Bob Dylan,tt15077244
Shadow of a Doubt,tt0036342
Shakespeare in Love,tt0138097
Shakespeare-Wallah,tt0059709
Shakma,tt0100589
Shall We Dance?,tt0117615
Shame,tt1723811
Shang-Chi and the Legend of the Ten Rings,tt9376612
Shaun of the Dead,tt0365748
She Creature,tt0274659
She-Hulk: Attorney at Law,tt10857160
Shin Godzilla,tt4262980
Shine a Light,tt0893382
Shirkers,tt7472352
Shirley,tt8430598
Shiva Baby,tt11317142
Shoot the Piano Player,tt0054389
Short Circuit,tt0091949
Short Cuts,tt0108122
Show Me Love,tt0150662
Showgirls,tt0114436
Shutter Island,tt1130884
Side Effects,tt2053463
Signs,tt0286106
Silence,tt0490215
Silent House,tt1767382
"Silent Night, Deadly Night 5: The Toymaker",tt0105410
Silkwood,tt0086312
Silver Streak,tt0075223
Sin City,tt0401792
Sing Sing,tt28479262
Sing Street,tt3544112
Singin' in the Rain,tt0045152
Sister Act,tt0105417
Six Degrees of Separation,tt0108149
Sky High,tt0405325
Skyfall,tt1074638
Slap Shot,tt0076723
Sleepaway Camp,tt0086320
Sleeping Beauty,tt1588398
Slither,tt0439815
Slow West,tt3205376
Small Change,tt0074152
Smart House,tt0192618
Smile,tt15474916
Smooth Talk,tt0090037
Snake Eyes,tt8404256
Snow White and the Seven Dwarfs,tt0029583
Snowpiercer,tt6156584
So I Married an Axe Murderer,tt0108174
Soapdish,tt0102951
Society,tt0098354
Society of the Snow,tt16277242
Solaris,tt0069293
Solo: A Star Wars Story,tt3778644
Some Came Running,tt0052218
Some Like It Hot,tt0053291
Something in the Air,tt0217960
Something Wild,tt0091983
Somewhere,tt1421051
Son of Frankenstein,tt0031951
Sonic the Hedgehog,tt3794354
Sorcerer,tt0076740
Sorority Row,tt1232783
Sorry to Bother You,tt5688932
Sound of Metal,tt5363618
"South Park: Bigger, Longer & Uncut",tt0158983
Southland Tales,tt0405336
Space Truckers,tt0120199
SpaceCamp,tt0091993
Speak,tt0378793
Spectre,tt2379713
Speed,tt0111257
Spellbound,tt0038109
Spencer,tt12536294
Sphere,tt0120184
Spider-Man,tt0145487
Spider-Man 2,tt0316654
Spider-Man: Homecoming,tt2250912
Spider-Man: Into the Spider-Verse,tt4633694
Spider-Man: No Way Home,tt10872600
Spies Like Us,tt0090056
Spiral,tt10342730
Splendor in the Grass,tt0055471
Split,tt4972582
Spring Breakers,tt2101441
Stage Beauty,tt0368658
Stage Fright,tt0042994
Stagecoach,tt0092003
Stand by Me,tt0092005
Star Trek,tt0796366
Star Trek Beyond,tt2660888
Star Trek II: The Wrath of Khan,tt0084726
Star Trek III: The Search for Spock,tt0088170
Star Trek Into Darkness,tt1408101
Star Trek IV: The Voyage Home,tt0092007
Star Trek V: The Final Frontier,tt0098382
Star Trek VI: The Undiscovered Country,tt0102975
Star Trek: First Contact,tt0117731
Star Trek: Generations,tt0111280
Star Trek: Insurrection,tt0120844
Star Trek: Nemesis,tt0253754
Star Trek: The Motion Picture,tt0079945
Star Wars: Episode IV - A New Hope,tt0076759
Star Wars Detours,tt2362866
Star Wars Episode I: The Phantom Menace,tt0120915
Star Wars Episode II: Attack of the Clones,tt0121765
Star Wars Episode III: Revenge of the Sith,tt0121766
Star Wars: Episode VII - The Force Awakens,tt2488496
Star Wars: Episode VIII - The Last Jedi,tt2527336
Star Wars: Episode IX - The Rise of Skywalker,tt2527338
Stardust,tt0486655
Starlet,tt2035630
Starman,tt0088172
Starship Troopers,tt0120201
Starstruck,tt10801368
State Fair,tt0038116
Stealing Beauty,tt0117737
Stella Dallas,tt0029608
Step Up 3D,tt1193631
Steve Jobs,tt2080374
Still Alice,tt3316960
Still Black: A Portrait of Black Transmen,tt1363482
Stolen Kisses,tt0062695
Stone,tt0072209
Strange World,tt10298840
Strangers on a Train,tt0044079
Stray Dog,tt0041699
Strays,tt15153532
Street Fighter,tt0111301
Strictly Ballroom,tt0105488
Stuart Saves His Family,tt0114571
Stuck,tt0758786
Student Bodies,tt0083133
Suburbia,tt0086589
Sugar,tt12402658
Summer Hours,tt0836700
"Summer of Soul (...Or, When the Revolution Could Not Be Televised)",tt11422728
Summer Stock,tt0043012
Summertime,tt4080768
Sunset Boulevard,tt0043014
Sunshine,tt0448134
Super Mario Bros.,tt0108255
Superbad,tt0829482
Superman,tt0078346
Superman II,tt0081573
Superman III,tt0086393
Superman IV: The Quest for Peace,tt0094074
Superman Returns,tt0348150
Suspicion,tt0034248
Suspiria,tt0076786
Sweeney Todd: The Demon Barber of Fleet Street (1982),tt0084747
Sweet Bird of Youth,tt0056541
Sweet Land,tt0428038
Sweetheart,tt6560164
Swept Away (1974),tt0073817
Swiss Family Robinson,tt0054357
Sword of Trust,tt8484012
"Synecdoche, New York",tt0383028
Taken,tt0936501
Tales from the Crypt,tt0096708
Tales from the Hood,tt0114609
Talk to Her,tt0287467
Tangerine,tt3824458
Tangled,tt0398286
Tapeheads,tt0096223
Tár,tt14444726
Taxi Driver,tt0075314
Tea and Sympathy,tt0049829
Team America: World Police,tt0372588
Teenage Mutant Ninja Turtles,tt0100758
Tenacious D in The Pick of Destiny,tt0365830
Tender Mercies,tt0086423
Tenebre,tt0084777
Terminal Island,tt0070782
Terminator 2: Judgment Day,tt0103064
Terror of Mechagodzilla,tt0073373
Tetro,tt0964185
Thanksgiving,tt1448754
That Thing You Do!,tt0117887
The 13th Warrior,tt0120657
The 39 Steps,tt0026029
The 40-Year-Old Virgin,tt0405422
The 400 Blows,tt0053198
The Abominable Dr. Phibes,tt0066740
The Accidental Tourist,tt0094606
The Act of Killing,tt2375605
The Adventures of Elmo in Grouchland,tt0159421
The Adventures of Ichabod and Mr. Toad,tt0041094
"The Adventures of Priscilla, Queen of the Desert",tt0109045
The Adventures of Robin Hood,tt0029843
The Adventures of Tintin,tt0983193
The Age of Innocence,tt0106226
The American Friend,tt0075675
The American President,tt0112346
The Andromeda Strain,tt0066769
The Apartment,tt0053604
The Apple,tt0080380
The Apprentice,tt8368368
The Assassination of Jesse James by the Coward Robert Ford,tt0443680
The Assistant,tt9000224
The Associate,tt0115580
The Avengers,tt0848228
The Aviator,tt0338751
The Awful Truth,tt0028597
The Bad and the Beautiful,tt0044391
The Bad Lieutenant: Port of Call - New Orleans,tt1095217
The Bad News Bears,tt0074174
The Ballad of Buster Scruggs,tt6412452
The Ballad of Cable Hogue,tt0065446
The Band Wagon,tt0045537
The Banshees of Inisherin,tt11813216
The Battery,tt2272350
The Beast,tt14407336
"The Beast From 20,000 Fathoms",tt0045546
The Beatles: Get Back - The Rooftop Concert,tt16899584
The Beatles: The First U.S. Visit,tt0109228
The Beguiled,tt5592248
The Believer,tt0247199
The Best Man,tt13400336
The Best Years of Our Lives,tt0036868
The Beyond,tt0082307
The BFG,tt3691740
The Big Chill,tt0085244
The Big Country,tt0051411
The Big Lebowski,tt0118715
The Big Picture,tt0096926
The Big Sleep,tt0038355
The Bingo Long Traveling All-Stars & Motor Kings,tt0074207
The Bird With the Crystal Plumage,tt0065143
The Birdcage,tt0115685
The Birds,tt0056869
The Bishop's Wife,tt0039190
The Black Cauldron,tt0088814
The Black Hole,tt0078869
The Black Stallion,tt0078872
The Blackening,tt11703244
The Blair Witch Project,tt0185937
The Bling Ring,tt2132285
The Blob,tt0094761
The Book of Eli,tt1037705
The Bostonians,tt0086992
The Bourne Identity,tt0258463
The Box,tt0362478
The Boys in Company C,tt0077270
The Boys in the Band,tt10199914
The Boys Next Door,tt0090770
The Brady Bunch Movie,tt0112572
The Bride of Frankenstein,tt13249084
The Bride Wore Black,tt0061955
The Brides of Dracula,tt0053677
The Broken Circle Breakdown,tt2024519
The Brood,tt0078908
The Brothers Bloom,tt0844286
The Cabin in the Woods,tt1259521
The Cabinet of Dr. Caligari,tt0441741
The Cable Guy,tt0115798
The Car,tt0075809
The Carey Treatment,tt0068337
The Celebration,tt0154420
The Chamber,tt0115862
The Children's Hour,tt0054743
The China Syndrome,tt0078966
The Christmas Ornament,tt3289944
The Claim,tt0218378
The Client,tt0109446
The Clock,tt0037604
The Collector,tt0844479
The Color of Money,tt0090863
The Color of Pomegranates (Soviet Union),tt0063555
The Color Purple,tt1200263
The Commitments,tt0101605
The Connection,tt0054763
The Conversation,tt0071360
"The Cook, the Thief, His Wife & Her Lover",tt0097108
The Cotton Club: Encore,tt0087089
The Cowboys,tt0068421
The Craft,tt0115963
The Crow,tt0109506
The Crush,tt0106627
The Crying Game,tt0104036
The Curse of Frankenstein,tt0050280
The Curse of the Werewolf,tt0054777
The Cutting Edge,tt0104040
The Damned,tt0056576
The Dark Crystal,tt0083791
The Dark Knight,tt0468569
The Dark Knight Rises,tt1345836
The Dawn Patrol,tt0030044
The Day of the Beast,tt0112922
The Day the Earth Stood Still,tt0970416
The Dead Don't Die,tt8695030
The Dead Pool,tt0094963
The Dead Zone,tt0085407
The Death of Stalin,tt4686844
The Decline of Western Civilization,tt0082252
The Decline of Western Civilization III,tt0138393
The Deer Hunter,tt0077416
The Departed,tt0407887
The Descendants,tt1033575
The Descent,tt0435625
The Devil and Daniel Johnston,tt0436231
The Devil Inside,tt1560985
The Devil Rides Out,tt0062885
The Devil Wears Prada,tt0458352
The Devil’s Rejects,tt0395584
The Devils,tt0066993
The Devil's Advocate,tt0118971
The Devil's Honey,tt0090903
The Dirt,tt0800325
The Dreamers,tt0309987
The Eight Mountains,tt14641542
The Emperor's New Groove,tt0120917
Star Wars: Episode V - The Empire Strikes Back,tt0080684
The End of the Tour,tt3416744
The English Patient,tt0116209
The Equalizer,tt0455944
The Eternal Daughter,tt13874422
The Exorcist,tt0070047
The Exorcist III,tt0099528
The Expendables,tt1320253
The Fabelmans,tt14208870
The Faculty,tt0133751
The Falcon and the Winter Soldier,tt9208876
The Fall Guy,tt1684562
The Farewell,tt8637428
The Fast and the Furious,tt0232500
The Fast and the Furious: Tokyo Drift,tt0463985
The Favourite,tt5083738
The Fifth Element,tt0119116
The Firm,tt0106918
The First Omen,tt5672290
The First Purge,tt6133466
The First Wives Club,tt0116313
The Florida Project,tt5649144
The Fly,tt0091064
The Fly (1986),tt0091064
The Fog,tt0080749
The Forty-Year-Old Version,tt10642834
The Fox and the Hound,tt0082406
The Fugitive,tt0106977
The Full Monty,tt0119164
The Funhouse,tt0082427
The Game,tt0119174
The General,tt0017925
The Getaway,tt0068638
The Gift,tt4178092
The Gingerbread Man,tt0119196
The Gleaners and I,tt27331210
The Godfather,tt0068646
The Godfather Part III,tt0099674
The Godfather Part II,tt0071562
The Golden Voyage of Sinbad,tt0071569
The Good Dinosaur,tt1979388
"The Good, the Bad and the Ugly",tt0060196
The Goonies,tt0089218
The Grand Budapest Hotel,tt2278388
The Great Dictator,tt0032553
The Great Mouse Detective,tt0091149
The Great Muppet Caper,tt0082474
The Great Silence,tt0063032
The Great Train Robbery,tt0079240
The Green Knight,tt9243804
The Green Room,tt0077315
The Grey Fox,tt0085622
The Grifters,tt0099703
The Grudge,tt3612126
The Hand of God,tt12680684
The Handmaiden,tt4016934
The Happening,tt0949731
The Hateful Eight,tt3460252
The Heartbreak Kid,tt0068687
The Hidden Fortress,tt0051808
The Hills Have Eyes,tt0454841
The History Boys,tt0464049
The Hitcher,tt0455960
The Hobbit (1977),tt0077687
The Holdovers,tt14849194
The Hole,tt0242527
The Holiday,tt0457939
The Host,tt0468492
The Hours,tt0274558
The House Bunny,tt0852713
The House by the Cemetary,tt0082966
The House with Laughing Windows,tt0074287
The Housemaid (South Korea),tt0150980
The Hudsucker Proxy,tt0110074
The Hunchback of Notre Dame,tt0031455
The Hunchback of Notre Dame,tt0116583
The Hunger,tt0085701
The Hustler,tt0054997
The Ice Harvest,tt0400525
The Idiots,tt0154421
The Immortal Story,tt0063127
The Incredible Hulk,tt0800080
The Incredible Shrinking Man,tt0050539
The Incredibles,tt0317705
The Innocents,tt4028464
The Insider,tt0140352
The Inspection,tt13495458
The Intern,tt2361509
The Invisible Man,tt1051906
The Invitation,tt12873562
The Irishman,tt1302006
The Iron Giant,tt0129167
The Jericho Mile,tt0079366
The Karate Kid,tt0087538
The Keep,tt0085780
The Kentucky Fried Movie,tt0076257
The Killer,tt1136617
The Killing,tt1637727
The Killing of a Sacred Deer,tt5715874
The King of Comedy,tt0085794
The Lady Eve,tt0033804
The Lady from Shanghai,tt0040525
The Lady Vanishes,tt0030341
The Ladykillers,tt0335245
The Land Before Time,tt0095489
The Last Airbender,tt0938283
The Last American Virgin,tt0084234
The Last Black Man in San Francisco,tt4353250
The Last Boy Scout,tt0102266
The Last Days of Disco,tt0120728
The Last Exorcism,tt1320244
The Last House on the Left,tt0844708
The Last Metro,tt0080610
The Last of Sheila,tt0070291
The Last of the Mohicans,tt0104691
The Last Seduction,tt0110308
The Last Starfighter,tt0087597
The Last Temptation of Christ,tt0095497
The Last Unicorn,tt0084237
The Last Waltz,tt0077838
The Laundromat,tt5865326
The Lawnmower Man,tt0104692
The Legend of Drunken Master,tt0111512
The LEGO Batman Movie,tt4116284
The Life and Times of Judge Roy Bean,tt0068853
The Lighthouse,tt7984734
The Limey,tt0165854
The Lion in Winter,tt0063227
The Lion King,tt0110357
The Little Mermaid,tt5971474
The Little Prince,tt1754656
The Little Rascals,tt0110366
The Living Daylights,tt0093428
The Lobster,tt3464902
The Lodger: A Story of the London Fog,tt0017075
The Long Goodbye,tt0070334
The Long Kiss Goodnight,tt0116908
The Lookout,tt0427470
The Lord of the Ring: The Fellowship of the Ring,tt0120737
The Lord of the Rings,tt0077869
The Lord of the Rings: The Fellowship of the Ring,tt0120737
The Lost Boys,tt0093437
The Lost Daughter,tt9100054
The Lost World: Jurassic Park,tt0119567
The Luck of the Irish,tt0274636
The Madness of King George,tt0110428
The Magic Christian,tt0064622
The Magnificent Ambersons,tt0035015
The Maltese Falcon,tt0033870
The Man from Hong Kong,tt0073343
The Man From Laramie,tt0048342
The Man Who Knew Too Much (1956),tt0049470
The Man Who Loved Women,tt0076155
The Man Who Shot Liberty Valance,tt0056217
The Man Who Wasn't There,tt0243133
The Man with the Golden Gun,tt0071807
The Manchurian Candidate,tt0056218
The Mangler,tt0113762
The Manxman,tt0020142
The Many Adventures of Winnie the Pooh,tt0076363
The Martian,tt3659388
The Master,tt1560747
The Matrix,tt0133093
The Merchant of Venice,tt0379889
The Mighty Ducks,tt0104868
The Miracle of Morgan's Creek,tt0037077
The Mirror Crack'd,tt0081163
The Mist,tt0884328
The Mistletoe Promise,tt5921218
The Mitchells vs. The Machines,tt7979580
The Money Pit,tt0091541
The Monster Squad,tt0093560
The Mosquito Coast,tt11041132
The Mummy,tt0120616
The Muppet Christmas Carol,tt0104940
The Muppet Movie,tt0079588
The Muppets Take Manhattan,tt0087755
The Music Man,tt0056262
The Naked Gun: From the Files of Police Squad!,tt0095705
The Naked Spur,tt0044953
The Natural,tt0087781
The Neon Demon,tt1974419
The Net,tt0113957
The NeverEnding Story,tt0088323
The New Mutants,tt4682266
The New World,tt0402399
The Night Flier,tt0119784
The Night House,tt9731534
The Night of the Hunter,tt0048424
The Notebook,tt0332280
The Nun's Story,tt0053131
The Object of My Affection,tt0120772
The Old Dark House,tt0023293
The Old Man & the Gun,tt2837574
The Omega Man,tt0067525
The Omen,tt0075005
The Onion Movie,tt0392878
The Other Side of the Mirror: Bob Dylan Live at the Newport Folk Festival,tt1134837
The Others,tt0230600
The Outsiders: The Complete Novel,tt0086066
The Ox-Bow Incident,tt0036244
The Pacifier,tt0395699
The Palm Beach Story,tt0035169
The Paperboy,tt1496422
The Parallax View,tt0071970
The Pebble and the Penguin,tt0114108
The Pelican Brief,tt0107798
The People Under the Stairs,tt0105121
The Perfect Storm,tt0177971
The Perks of Being a Wallflower,tt1659337
The Petrified Forest,tt0028096
The Phantom of the Opera,tt0293508
The Philadelphia Story,tt0032904
The Piano Lesson,tt15507512
The Pirate,tt0040694
The Place Beyond the Pines,tt1817273
The Plague Dogs,tt0084509
The Player,tt0105151
The Polar Express,tt0338348
The Pool,tt9128686
The Post,tt6294822
The Power of the Dog,tt10293406
The Predator,tt3829266
The Prestige,tt0482571
The Princess Bride,tt0093779
The Princess Diaries,tt0247638
The Private Life of Sherlock Holmes,tt0066249
The Proposition,tt0421238
The Public Enemy,tt0022286
The Quatermass Xperiment,tt0049646
The Queen,tt0436697
The Quick and the Dead,tt0114214
The Raid 2,tt2265171
The Rain People,tt0064873
The Rainmaker,tt0119978
The Raspberry Reich,tt0390418
The Red Shoes,tt0040725
The Red Turtle,tt3666024
The Remains of the Day,tt0107943
The Report,tt8236336
The Return of the Living Dead,tt0089907
The Right Stuff,tt0086197
The Ring,tt0298130
The Roaring Twenties,tt0031867
The Rock,tt0117500
The Rocketeer,tt0102803
The Rocky Horror Picture Show,tt0073629
The Room,tt0368226
The Roommate,tt1265990
The Royal Tenenbaums,tt0265666
The Rules of the Game,tt0031885
"The Russians Are Coming, the Russians Are Coming",tt0060921
The Sandlot,tt0108037
The Satanic Rites of Dracula,tt0070634
The Scorpion King,tt0277296
The Scout,tt0111094
The Secret Garden,tt0108071
The Secret of NIMH,tt0084649
The Serpent and the Rainbow,tt0096071
The Seventh Seal,tt0050976
The Shadow,tt0111143
The Shawshank Redemption,tt0111161
The Shining,tt0081505
The Shop Around the Corner,tt0033045
The Silence of the Lambs,tt0102926
The Sisters Brothers,tt4971344
The Sixth Sense,tt0167404
The Skin I Live In,tt12887846
The Social Network,tt1285016
The Soft Skin,tt0058458
The Sound of Music,tt0059742
The Souvenir,tt6920356
The Souvenir: Part II,tt6992978
The Spanish Prisoner,tt0120176
The Spy Who Came in from the Cold,tt0059749
The Spy Who Dumped Me,tt6663582
The Spy Who Loved Me,tt0076752
The Stepford Wives,tt0327162
The Sting,tt0070735
The Story of Adèle H.,tt0073114
The Story of Robin Hood and His Merrie Men,tt0045197
The Straight Story,tt0166896
The Strangers,tt0482606
The Sugarland Express,tt0072226
The Sure Thing,tt0090103
The Sword in the Stone,tt0057546
The Talented Mr. Ripley,tt0134119
The Taming of the Shrew,tt0061407
The Taste of Things,tt19760052
The Telephone Book,tt0067839
The Ten,tt0811106
The Ten Commandments,tt0049833
The Terminal,tt0362227
The Terminal Man,tt0072267
The Terminator,tt0088247
The Texas Chainsaw Massacre,tt0324216
The Texas Chainsaw Massacre 2,tt0092076
The Thin Man,tt0025878
The Thin Red Line,tt0120863
The Thing,tt0084787
The Thing (2011),tt0905372
The Thing Called Love,tt0108327
The Thirteenth Year,tt0200208
The Times of Harvey Milk,tt0088275
The Tin Drum,tt0078875
The Town that Dreaded Sundown,tt2561546
The Train,tt0059825
The Tree of Life,tt0478304
The Trial of the Chicago 7,tt1070874
The Trouble with Harry,tt0048750
The Truman Show,tt0120382
The Trust,tt3733774
The Turning,tt7510346
The TV Set,tt0473709
The Twilight Saga: Breaking Dawn - Part 2,tt1673434
The Two Faces of January,tt1976000
The Unbearable Lightness of Being,tt0096332
The Unbearable Weight of Massive Talent,tt11291274
The Untouchables,tt0094226
The Usual Suspects,tt0114814
The Valley of Gwangi,tt0065163
The Vampire Lovers,tt0066518
The Verdict,tt0084855
The Village,tt0368447
The Villainess,tt6777338
The Virgin Spring,tt0053976
The Virgin Suicides,tt0159097
The Visit,tt3567288
The Warriors,tt0080120
The Watermelon Woman,tt0118125
The Whole Nine Yards,tt0190138
The Wicker Man,tt0070917
The Wicker Man (2006),tt0450345
The Wild and Wonderful Whites of West Virginia,tt1396227
The Wild Bunch,tt0065214
The Wild Child,tt0064285
The Witch,tt4263482
The Wizard,tt0098663
The Wizard of Oz,tt0032138
The Wolf Man,tt0034398
The Wolf of Wall Street,tt0993846
The Wolverine,tt1430132
The Woman King,tt8093700
The Woman Next Door,tt0082370
The Women,tt0032143
The Wonderful Ice Cream Suit,tt0129634
The World is Not Enough,tt0143145
The Worst Person in the World,tt10370710
The Wrestler,tt1125849
The Wrong Man,tt0051207
The Young Girls of Rochefort,tt0062873
The Zone of Interest,tt7160372
Theatre of Blood,tt0070791
Thief,tt0083190
Thelma,tt23778968
Thelma & Louise,tt0103074
There Will Be Blood,tt0469494
They Live,tt0096256
Thief,tt0083190
Thirst,tt0762073
This Is Spinal Tap,tt0088258
This Property Is Condemned,tt0061089
Thor,tt0800369
Thor: Love and Thunder,tt10648342
Thor: Ragnarok,tt3501632
Thor: The Dark World,tt1981115
Three Colours: Blue,tt0108394
Three Colours: Red,tt0111495
Three Days of the Condor,tt0073802
Three Identical Strangers,tt7664504
Three Kings,tt0120188
Three O’Clock High,tt0094138
Throne of Blood,tt0050613
Thumbelina,tt0111419
Thunderball,tt0059800
THX 1138,tt0066434
"Tick, Tick... Boom!",tt8721424
Tigerland,tt0170691
Tigers Are Not Afraid,tt27566554
Time,tt11416746
Time of the Wolf,tt0307568
Timecop,tt0111438
Timecrimes,tt0480669
Timeline,tt0300556
Tin Cup,tt0117918
Titan A.E.,tt0120913
Titanic,tt0120338
Titus,tt0120866
To Catch a Thief,tt0048728
To Kill a Mockingbird,tt0056592
To the Devil a Daughter,tt0075334
"To Wong Foo, Thanks for Everything! Julie Newmar",tt0114682
Tokyo Gore Police,tt1183732
Tomb Raider,tt1365519
Tombstone,tt0108358
Tommy,tt0073812
Tommy Boy,tt0114694
Tomorrow Never Dies,tt0120347
Tongues Untied,tt0103099
Toni Erdmann,tt4048272
Toolbox Murders,tt0367153
Top Gun,tt0092099
Top Gun: Maverick,tt1745960
Torn Curtain,tt0061107
Torso,tt0069920
Total Recall,tt0100802
Touch,tt0120357
Touch of Evil,tt0052311
Touchy Feely,tt2364949
Tough Guys Don't Dance,tt0094169
Toy Story,tt0114709
Toy Story 2,tt0120363
Toy Story 3,tt0435761
Toy Story 4,tt1979376
Trading Christmas,tt2008491
Trading Places,tt0086465
Trances (Morocco),tt0406280
Transformers,tt0418279
Treasure Island,tt0025907
Tremors,tt0100814
Tremors 2: Aftershocks,tt0114720
Tremors 3: Back to Perfection,tt0259685
Tremors 4: The Legend Begins,tt0334541
Tremors 5: Bloodlines,tt4180514
Tremors: A Cold Day in Hell,tt6086082
Tremors: Shrieker Island,tt8322060
Triangle,tt1187064
Triangle of Sadness,tt7322224
Trick ’r Treat,tt0862856
Trick or Treat,tt0092112
Tromeo & Juliet,tt0114733
Tron,tt0084827
Trouble Every Day,tt0204700
True Grit,tt1403865
True History of the Kelly Gang,tt4844140
True Lies,tt0111503
True Romance,tt0108399
Tucker: The Man and His Dream,tt0096316
Tuesday,tt14682800
Twelfth Night,tt0117991
Twilight,tt1099212
Twin Peaks: Fire Walk with Me,tt0105665
Twins of Evil,tt0069427
Twister,tt0117998
Two English Girls,tt0066989
Two for the Road,tt0062407
Two Turtle Doves,tt10493490
U.S. Marshals,tt0120873
Ulzana’s Raid,tt0069436
Unbreakable,tt0217869
Uncut Gems,tt5727208
Under Capricorn,tt0042004
Under the Skin,tt1441395
Underground,tt0114787
Underwater,tt5774060
Unforgiven,tt0105695
Unfriended,tt3713166
Unfriended: Dark Web,tt4761916
Unlawful Entry,tt0105699
Unsane,tt7153766
Unstoppable,tt0477080
Up,tt1049413
Up in the Air,tt1193138
Urban Legend,tt0146336
Urban Legends: Final Cut,tt0192731
Us,tt6857112
V for Vendetta,tt0434409
V/H/S/2,tt2450186
Vacation,tt1524930
Vagabond,tt8523042
Valley Girl,tt0086525
Vampire's Kiss,tt0098577
Velvet Goldmine,tt0120879
Veronica Guerin,tt0312549
Vertigo,tt0052357
Victor/Victoria,tt0084865
Village of the Damned (1960),tt0054443
Visiting Hours,tt0083296
Volver,tt0441909
Vox Lux,tt5960374
Wait Until Dark,tt0062467
Waiting to Exhale,tt0114885
Waitress,tt0473308
Wake in Fright,tt0067541
Walk Hard: The Dewey Cox Story,tt0841046
Walking on Sunshine,tt2107861
WALL-E,tt0910970
WandaVision,tt9140560
War for the Planet of the Apes,tt3450958
War Horse,tt1568911
War of the God Monsters,tt19633092
War of the Worlds,tt0407304
WarGames,tt0086567
Wasp Network,tt6760876
Waves,tt8652728
Wayne's World,tt0105793
We Go Way Back,tt0468580
We Were Soldiers,tt0277434
Weekend,tt1714210
Wendy and Lucy,tt1152850
We're All Going to the World's Fair,tt13648224
We're No Angels,tt0098625
Werewolf by Night,tt15318872
Werewolf of London,tt0027194
Wes Craven’s New Nightmare,tt0111686
West Side Story,tt0055614
Westworld,tt0070909
Wet Hot American Summer,tt0243655
What a Way to Go!,tt0058743
What If...?,tt10168312
What's Love Got to Do with It,tt0108551
When the Wind Blows,tt0090315
When We Were Kings,tt0118147
Where the Red Fern Grows,tt0072402
White Christmas,tt0047673
White God,tt2844798
White Men Can't Jump,tt0105812
White Palace,tt0103251
Who Framed Roger Rabbit,tt0096438
Who's That Knocking at My Door,tt0063803
Why Did I Get Married?,tt0906108
Wide Awake,tt0120510
Widows,tt4218572
Wild at Heart,tt0100935
Wild Things,tt0120890
Wildlife,tt5929754
Willard,tt0310357
Willow,tt0096446
Winchester '73,tt0043137
Window Wonderland,tt2994382
Winter's Child,tt0097278
Without Limits,tt0119934
Witness,tt0090329
Witness for the Prosecution,tt0051201
Wizards,tt0076929
Wolf Creek,tt0416315
Women on the Verge of a Nervous Breakdown,tt0095675
Women Talking,tt13669038
Working Girl,tt0096463
World's Greatest Dad,tt1262981
Wuthering Heights,tt0032145
X2,tt0290334
Xanadu,tt0081777
X-Men,tt0120903
X-Men Origins: Wolverine,tt0458525
X-Men: Apocalypse,tt3385516
X-Men: Days of Future Past,tt1877832
X-Men: First Class,tt1270798
X-Men: The Last Stand,tt0376994
xXx,tt0295701
Y Tu Mamá También,tt0245574
Yellow Submarine,tt0063823
Yojimbo,tt0055630
You Can Count on Me,tt0203230
You Only Live Twice,tt0062512
Young Adult,tt1625346
Young and Innocent,tt0029811
Young Frankenstein,tt0072431
Young Guns,tt0096487
Young Mr. Lincoln,tt0032155
Young@Heart,tt1047007
Your Sister's Sister,tt1742336
You're a Big Boy Now,tt0061209
You're Next,tt1853739
Youth Without Youth,tt0481797
You've Got Mail,tt0128853
Zack Snyder's Justice League,tt12361974
Zandalee,tt0101004
Zenon: Girl of the 21st Century,tt0186726
Zero Day,tt0365960
Zodiac,tt0443706
Zola,tt5439812
Zombie Flesh Eaters,tt0080057
Zombieland,tt1156398
