OriginalFile,Title,PublicId,NewFile,Status,Error
'00 Slashers.jpg,'00 Slashers,d_oze5AveVcPLsmXd,d_oze5AveVcPLsmXd.jpg,MIGRATED,
'00s Horror mini-Mega.jpg,'00s Horror mini-Mega,d_IThMISUR0dfc4q4,d_IThMISUR0dfc4q4.jpg,MIGRATED,
'00s Sports mini-Mega.jpg,'00s Sports mini-Mega,d_MofIRXippsRQwnX,d_MofIRXippsRQwnX.jpg,MIGRATED,
'30s Warner Bros.jpg,'30s Warner Bros,d_XkKD4UwVPrP1OCB,d_XkKD4UwVPrP1OCB.jpg,MIGRATED,
'50s Sci-Fi.jpg,'50s Sci-Fi,d_pRjDwzFH0CPxiyI,d_pRjDwzFH0CPxiyI.jpg,MIGRATED,
'60s Musicals.webp,'60s Musicals,d_U053eKsC4bBZGSG,d_U053eKsC4bBZGSG.webp,MIGRATED,
'70s Comedy mini-Mega.jpg,'70s Comedy mini-Mega,d_P1NlleRyBAjykk9,d_P1NlleRyBAjykk9.jpg,MIGRATED,
'70s Conspiracy Thrillers.jpg,'70s Conspiracy Thrillers,d_ZVyz3gperSlYIdE,d_ZVyz3gperSlYIdE.jpg,MIGRATED,
'70s Horror Mega.jpg,'70s Horror Mega,d_sUXDS8iFWt2J36z,d_sUXDS8iFWt2J36z.jpg,MIGRATED,
'70s Sports.jpg,'70s Sports,d_S6vONfRYP8VdXTV,d_S6vONfRYP8VdXTV.jpg,MIGRATED,
'80s Fantasy.jpg,'80s Fantasy,d_WIlzBRoq0r0zCyd,d_WIlzBRoq0r0zCyd.jpg,MIGRATED,
'80s Sports mini-Mega.jpg,'80s Sports mini-Mega,d_rwfH6W0tWotKriJ,d_rwfH6W0tWotKriJ.jpg,MIGRATED,
'90s Action Mega Draft.jpg,'90s Action Mega Draft,d_xBuw6jLBWWmwEzW,d_xBuw6jLBWWmwEzW.jpg,MIGRATED,
'90s Directorial Debuts.jpg,'90s Directorial Debuts,d_mt1yrtjkFnDfNXJ,d_mt1yrtjkFnDfNXJ.jpg,MIGRATED,
'90s School Rom-Coms.jpg,'90s School Rom-Coms,d_40uSgnMhO8V9OZy,d_40uSgnMhO8V9OZy.jpg,MIGRATED,
'90s Sports mini-Mega.jpg,'90s Sports mini-Mega,d_Mx3yhjvwDgHp6sG,d_Mx3yhjvwDgHp6sG.jpg,MIGRATED,
'90s Superhero.jpg,'90s Superhero,d_e4rB8voUVE0ogBf,d_e4rB8voUVE0ogBf.jpg,MIGRATED,
1939 mini-Mega.jpg,1939 mini-Mega,d_NrRY0URytKi3MMb,d_NrRY0URytKi3MMb.jpg,MIGRATED,
1950 Best Picture Nominees mini-Super Draft.jpg,1950 Best Picture Nominees mini-Super Draft,d_sbdncotWAr4B6rO,d_sbdncotWAr4B6rO.jpg,MIGRATED,
1975 Best Picture Nominees mini-Super Draft.jpg,1975 Best Picture Nominees mini-Super Draft,d_d31XZiW1czsJsaj,d_d31XZiW1czsJsaj.jpg,MIGRATED,
1977 Horror.webp,1977 Horror,d_dz3s0ANST0d2YfV,d_dz3s0ANST0d2YfV.webp,MIGRATED,
1980 mini-Mega.jpg,1980 mini-Mega,d_bnAdBCregximyyH,d_bnAdBCregximyyH.jpg,MIGRATED,
1992 Horror.jpg,1992 Horror,d_3OQ41HO3G2FEzEI,d_3OQ41HO3G2FEzEI.jpg,MIGRATED,
1994 Best Picture Nominees mini-Super Draft.jpg,1994 Best Picture Nominees mini-Super Draft,d_10l-6Os_PiG-rBk,d_10l-6Os_PiG-rBk.jpg,MIGRATED,
1994 mini-Mega.jpg,1994 mini-Mega,d_eswffryaBixg7Ng,d_eswffryaBixg7Ng.jpg,MIGRATED,
1997 mini-Mega.webp,1997 mini-Mega,d_r3kNB9sYvcO2fSH,d_r3kNB9sYvcO2fSH.webp,MIGRATED,
1998 mini-Mega.jpg,1998 mini-Mega,d_8Bl2V99U1n54Udt,d_8Bl2V99U1n54Udt.jpg,MIGRATED,
1999 mini-Mega.jpg,1999 mini-Mega,d_3nyf4xKNfEtXHAa,d_3nyf4xKNfEtXHAa.jpg,MIGRATED,
1999.jpg,1999,d_sBi533B6AQEAsoA,d_sBi533B6AQEAsoA.jpg,MIGRATED,
2000 mini-Mega.jpg,2000 mini-Mega,d_gWUbxZDmfkkQ3dj,d_gWUbxZDmfkkQ3dj.jpg,MIGRATED,
2007.webp,2007,d_nRGAiHME4cJ1j8R,d_nRGAiHME4cJ1j8R.webp,MIGRATED,
2009 Horror.jpg,2009 Horror,d_3e5fH21LRxZmHSy,d_3e5fH21LRxZmHSy.jpg,MIGRATED,
2009.jpg,2009,d_nigDmmKrAVGvvsj,d_nigDmmKrAVGvvsj.jpg,MIGRATED,
2010s Decade Mega Draft.jpg,2010s Decade Mega Draft,d_yiVx8CN48BU7Awd,d_yiVx8CN48BU7Awd.jpg,MIGRATED,
2010s Directorial Debuts.jpg,2010s Directorial Debuts,d_0yNgUy6DO43ObGa,d_0yNgUy6DO43ObGa.jpg,MIGRATED,
2012.webp,2012,d_vtq6CxrO6PItgzK,d_vtq6CxrO6PItgzK.webp,MIGRATED,
2018 Mega Draft.webp,2018 Mega Draft,d_o7REteBWmiBSTPz,d_o7REteBWmiBSTPz.webp,MIGRATED,
2019 Mega Draft.jpg,2019 Mega Draft,d_WtyrCW2xe1TxysF,d_WtyrCW2xe1TxysF.jpg,MIGRATED,
2020 Mega Draft.webp,2020 Mega Draft,d_7LAyFb8jWC3kioJ,d_7LAyFb8jWC3kioJ.webp,MIGRATED,
2021 Mega Draft.webp,2021 Mega Draft,d_K6XVPXoDQ4Ubcot,d_K6XVPXoDQ4Ubcot.webp,MIGRATED,
2022 Mega Draft.jpg,2022 Mega Draft,d_JX5sLeS2dPUnwpH,d_JX5sLeS2dPUnwpH.jpg,MIGRATED,
2023 Mega Draft.jpg,2023 Mega Draft,d_vDEli9B9gJSdW1J,d_vDEli9B9gJSdW1J.jpg,MIGRATED,
2024 Mega Draft.jpg,2024 Mega Draft,d_QUSSQegWz0Z54Ov,d_QUSSQegWz0Z54Ov.jpg,MIGRATED,
2025 Mega Draft.jpg,2025 Mega Draft,d_VAik26QSnYD5djL,d_VAik26QSnYD5djL.jpg,MIGRATED,
2025 Mega Draft.webp,2025 Mega Draft,d_VAik26QSnYD5djL,d_VAik26QSnYD5djL.webp,MIGRATED,
21st Century Australian.jpg,21st Century Australian,d_yiXXecZBayLcjwO,d_yiXXecZBayLcjwO.jpg,MIGRATED,
21st Century Best Actress Winning Films.jpg,21st Century Best Actress Winning Films,d_aKDTPwl4BBgLJSN,d_aKDTPwl4BBgLJSN.jpg,MIGRATED,
21st Century Best Supporting Actress Winning Films.jpg,21st Century Best Supporting Actress Winning Films,d_fIy6H28In1Cw6hU,d_fIy6H28In1Cw6hU.jpg,MIGRATED,
21st Century British Isles Indie mini-Mega.jpg,21st Century British Isles Indie mini-Mega,d_93D8XhxDldTnpQR,d_93D8XhxDldTnpQR.jpg,MIGRATED,
21st Century Female Action.jpg,21st Century Female Action,d_mi04tpu8aOosYzR,d_mi04tpu8aOosYzR.jpg,MIGRATED,
A Christmas Carol.webp,A Christmas Carol,d_71p5zbDpCrXKmNc,d_71p5zbDpCrXKmNc.webp,MIGRATED,
A24 Horror.jpg,A24 Horror,d_yay1sP2ZnBUcqyv,d_yay1sP2ZnBUcqyv.jpg,MIGRATED,
A24.jpg,A24,d_E99LwNUE6y7SbND,d_E99LwNUE6y7SbND.jpg,MIGRATED,
Aaron Sorkin Super Draft.jpg,Aaron Sorkin Super Draft,d_LnYeerD9q8ZnrsS,d_LnYeerD9q8ZnrsS.jpg,MIGRATED,
AARP Action.jpg,AARP Action,d_Ri2NDYWRfCiLnIa,d_Ri2NDYWRfCiLnIa.jpg,MIGRATED,
Abbott and Costello Meet the Monsters mini-Super Draft.jpg,Abbott and Costello Meet the Monsters mini-Super Draft,d_sI73jzGWnTferyL,d_sI73jzGWnTferyL.jpg,MIGRATED,
Action Comedy.jpg,Action Comedy,d_cozQIcEUahq6kZe,d_cozQIcEUahq6kZe.jpg,MIGRATED,
Action Horror.jpg,Action Horror,d_8f6FxXn17BuNkFW,d_8f6FxXn17BuNkFW.jpg,MIGRATED,
Action Sequels.jpg,Action Sequels,d_o65GwJiGsw8Ag4d,d_o65GwJiGsw8Ag4d.jpg,MIGRATED,
Actor's Directorial Debuts.jpg,Actor's Directorial Debuts,d_nlDMCJyJ1CZ1wEs,d_nlDMCJyJ1CZ1wEs.jpg,MIGRATED,
Adult Animation.jpg,Adult Animation,d_UdemnhLZLfHdUKD,d_UdemnhLZLfHdUKD.jpg,MIGRATED,
Agatha Christie.jpg,Agatha Christie,d_goRhrYi7mHlYueo,d_goRhrYi7mHlYueo.jpg,MIGRATED,
Akira Kurosawa.jpg,Akira Kurosawa,d_XU5LlikbRN3F9AP,d_XU5LlikbRN3F9AP.jpg,MIGRATED,
Alfred Hitchcock Mega Draft.jpg,Alfred Hitchcock Mega Draft,d_6xmffwJhrZp26ur,d_6xmffwJhrZp26ur.jpg,MIGRATED,
Alien Invasion Mini-Mega.jpg,Alien Invasion Mini-Mega,d_nQOJNOLr4YK0nXk,d_nQOJNOLr4YK0nXk.jpg,MIGRATED,
Alien vs. Predator Super Draft.jpg,Alien vs. Predator Super Draft,d_QP6ziG8T7HuUkWH,d_QP6ziG8T7HuUkWH.jpg,MIGRATED,
Almodóvar.jpg,Almodóvar,,,x,
Amnesia.jpg,Amnesia,d_f9XU4uph866sC9C,d_f9XU4uph866sC9C.jpg,MIGRATED,
Amy Adams.jpg,Amy Adams,d_9eIOPSPHVNcBRpQ,d_9eIOPSPHVNcBRpQ.jpg,MIGRATED,
Anaconda Franchise mini-Super Draft.jpg,Anaconda Franchise mini-Super Draft,d_bxdxjFxVA4Lx6f6,d_bxdxjFxVA4Lx6f6.jpg,MIGRATED,
Angela Bassett.jpg,Angela Bassett,d_gL7Uq2tilyp79pZ,d_gL7Uq2tilyp79pZ.jpg,MIGRATED,
Animals Attack!.jpg,Animals Attack!,d_3KWYJuP5wevTf5n,d_3KWYJuP5wevTf5n.jpg,MIGRATED,
Anne Hathaway.jpg,Anne Hathaway,d_5zFePoKzRsfKndk,d_5zFePoKzRsfKndk.jpg,MIGRATED,
"Apatow, Producer.jpg","Apatow, Producer",d_X5RdbuwnuqLUPN7,d_X5RdbuwnuqLUPN7.jpg,MIGRATED,
Aquatic Horror.jpg,Aquatic Horror,d_8ie3uKo4MSRBYTX,d_8ie3uKo4MSRBYTX.jpg,MIGRATED,
Arthouse Christmas.webp,Arthouse Christmas,d_sLbDdZ7XR3Ax3qq,d_sLbDdZ7XR3Ax3qq.webp,MIGRATED,
Arthurian Legend.jpg,Arthurian Legend,d_E3YgZXQFvqcHWkz,d_E3YgZXQFvqcHWkz.jpg,MIGRATED,
Baseball Mini-Mega.jpg,Baseball Mini-Mega,d_nShVT1PHJQV78cc,d_nShVT1PHJQV78cc.jpg,MIGRATED,
Batman vs. Superman Super Draft.jpg,Batman vs. Superman Super Draft,d_lrKV3p1hwmsoWjZ,d_lrKV3p1hwmsoWjZ.jpg,MIGRATED,
Best Picture Follow-ups mini-Mega.jpg,Best Picture Follow-ups mini-Mega,d_6D9ZkMOxLe9yv3I,d_6D9ZkMOxLe9yv3I.jpg,MIGRATED,
BFFFs.jpg,BFFFs,d_fXPPHEe0pATlwPG,d_fXPPHEe0pATlwPG.jpg,MIGRATED,
Bigfoot & Cryptids.jpg,Bigfoot & Cryptids,d_AQlUvcrB1QSG2VQ,d_AQlUvcrB1QSG2VQ.jpg,MIGRATED,
Billy Wilder.webp,Billy Wilder,d_MxM7uJK1UbwXdOs,d_MxM7uJK1UbwXdOs.webp,MIGRATED,
Black Love.jpg,Black Love,d_0J8bPk7MxXDF2pH,d_0J8bPk7MxXDF2pH.jpg,MIGRATED,
Black Queer Films.webp,Black Queer Films,d_d8T4onsmewAz9Mx,d_d8T4onsmewAz9Mx.webp,MIGRATED,
Blumhouse.webp,Blumhouse,d_u99vZJQCTmpiEdu,d_u99vZJQCTmpiEdu.webp,MIGRATED,
Bob Dylan.jpg,Bob Dylan,d_bnHKMz5XiXzRpEz,d_bnHKMz5XiXzRpEz.jpg,MIGRATED,
Body Horror.jpg,Body Horror,d_hl6kaAjcvf9FAv6,d_hl6kaAjcvf9FAv6.jpg,MIGRATED,
Body Horror.webp,Body Horror,d_hl6kaAjcvf9FAv6,d_hl6kaAjcvf9FAv6.webp,MIGRATED,
Body Swap.jpg,Body Swap,d_5dhWTBzZBgyEIOP,d_5dhWTBzZBgyEIOP.jpg,MIGRATED,
Bong Joon Ho Super Draft.jpg,Bong Joon Ho Super Draft,d_cKKp3GyzpxGnE5e,d_cKKp3GyzpxGnE5e.jpg,MIGRATED,
Booed at Cannes.jpg,Booed at Cannes,d_ay4YO9DNxNp1mNO,d_ay4YO9DNxNp1mNO.jpg,MIGRATED,
Bookstore & Library Movies.jpg,Bookstore & Library Movies,d_uZY2okQHzOAdLQB,d_uZY2okQHzOAdLQB.jpg,MIGRATED,
Bourne mini-Super Draft.jpg,Bourne mini-Super Draft,d_I25CrprjEnSKUWd,d_I25CrprjEnSKUWd.jpg,MIGRATED,
Brad Anderson Super Draft.jpg,Brad Anderson Super Draft,d_HYVeFAf1Sj7dmQr,d_HYVeFAf1Sj7dmQr.jpg,MIGRATED,
Brief Encounters.jpg,Brief Encounters,d_v2D6R2ZoUuazEsx,d_v2D6R2ZoUuazEsx.jpg,MIGRATED,
British Rom-Coms.jpg,British Rom-Coms,d_21Qfd6cNfJbkIiD,d_21Qfd6cNfJbkIiD.jpg,MIGRATED,
British Royal Family.jpg,British Royal Family,d_rqsUOkd1WUjl9q5,d_rqsUOkd1WUjl9q5.jpg,MIGRATED,
Cameron Crowe.jpg,Cameron Crowe,d_XK614NqN31T2ipB,d_XK614NqN31T2ipB.jpg,MIGRATED,
Cannon.jpg,Cannon,d_7rQOToupUTFE6Up,d_7rQOToupUTFE6Up.jpg,MIGRATED,
Canuxploitation.jpg,Canuxploitation,d_aX8vdvkjOO0L8zi,d_aX8vdvkjOO0L8zi.jpg,MIGRATED,
Car Racing.webp,Car Racing,d_5sULOwDGrXWRIp8,d_5sULOwDGrXWRIp8.webp,MIGRATED,
Charlie Kaufman Super Draft.jpg,Charlie Kaufman Super Draft,d_K9c9wrBnh6nP6Af,d_K9c9wrBnh6nP6Af.jpg,MIGRATED,
Chess.jpg,Chess,d_bgS8LMI5FK3dk93,d_bgS8LMI5FK3dk93.jpg,MIGRATED,
Christmas Horror.jpg,Christmas Horror,d_IDLD1We6ceWjkfl,d_IDLD1We6ceWjkfl.jpg,MIGRATED,
Christmas-Adjacent.webp,Christmas-Adjacent,d_rHdUSGrBtag6xW1,d_rHdUSGrBtag6xW1.webp,MIGRATED,
Christopher Lee.jpg,Christopher Lee,d_GNIKDqwcwcZIRgv,d_GNIKDqwcwcZIRgv.jpg,MIGRATED,
Chucky Super Draft.jpg,Chucky Super Draft,d_mglmHW4RpJ9BQDE,d_mglmHW4RpJ9BQDE.jpg,MIGRATED,
Classic Disney Live Action Adventure.jpg,Classic Disney Live Action Adventure,d_By8nzUpCfeNzWyZ,d_By8nzUpCfeNzWyZ.jpg,MIGRATED,
Classic Hammer Horror mini-Mega.webp,Classic Hammer Horror mini-Mega,d_RcAOQnvdOA345oJ,d_RcAOQnvdOA345oJ.webp,MIGRATED,
Coen Brothers Super Draft.webp,Coen Brothers Super Draft,d_zKMXw4gwz6CkWKz,d_zKMXw4gwz6CkWKz.webp,MIGRATED,
Colin Farrell mini-Mega.jpg,Colin Farrell mini-Mega,d_pYXEoPmrNMKntIL,d_pYXEoPmrNMKntIL.jpg,MIGRATED,
College Girls.jpg,College Girls,d_ioZeGOk00YZDB8H,d_ioZeGOk00YZDB8H.jpg,MIGRATED,
Comic Book (Non-Superhero).jpg,Comic Book (Non-Superhero),d_4RBdsdFeAJnpvhg,d_4RBdsdFeAJnpvhg.jpg,MIGRATED,
Con Artist.jpg,Con Artist,d_YATr8gVqr0bPG83,d_YATr8gVqr0bPG83.jpg,MIGRATED,
Country Music.jpg,Country Music,d_5Bds9bVzpvcL73g,d_5Bds9bVzpvcL73g.jpg,MIGRATED,
Courtroom Movies.jpg,Courtroom Movies,d_vTpqXjtpR1Qj3Up,d_vTpqXjtpR1Qj3Up.jpg,MIGRATED,
Creature Features.jpg,Creature Features,d_UHQ2t8rdiMMm03U,d_UHQ2t8rdiMMm03U.jpg,MIGRATED,
Criterion World Cinema Project.jpg,Criterion World Cinema Project,d_DPEW37voxdRAFjY,d_DPEW37voxdRAFjY.jpg,MIGRATED,
Cults.jpg,Cults,d_Ajz32X7Qa1c8Yik,d_Ajz32X7Qa1c8Yik.jpg,MIGRATED,
Dan & Tony Gilroy.jpg,Dan & Tony Gilroy,d_96nf7SEagwE1g62,d_96nf7SEagwE1g62.jpg,MIGRATED,
Dance.jpg,Dance,d_a1eH2TIaeU3gsTI,d_a1eH2TIaeU3gsTI.jpg,MIGRATED,
Dario Argento.jpg,Dario Argento,d_DIEVbi2LC92fzu3,d_DIEVbi2LC92fzu3.jpg,MIGRATED,
Dark Christmas.webp,Dark Christmas,d_pCGucJt7M8v5mTu,d_pCGucJt7M8v5mTu.webp,MIGRATED,
David Cronenberg.webp,David Cronenberg,d_ob3h1XaFbqSThJI,d_ob3h1XaFbqSThJI.webp,MIGRATED,
DC Berlantiverse Super Draft.jpg,DC Berlantiverse Super Draft,d_7EMbvVJKQDmeRFP,d_7EMbvVJKQDmeRFP.jpg,MIGRATED,
Denzel Washington Mini-Mega.jpg,Denzel Washington Mini-Mega,d_KoZV7lfxDkstp6l,d_KoZV7lfxDkstp6l.jpg,MIGRATED,
Diane Keaton.jpg,Diane Keaton,d_72vJfK2avSwh9py,d_72vJfK2avSwh9py.jpg,MIGRATED,
Diane Keaton.webp,Diane Keaton,d_72vJfK2avSwh9py,d_72vJfK2avSwh9py.webp,MIGRATED,
Dimension Films.jpg,Dimension Films,d_JM4gsjNJ5IjkNES,d_JM4gsjNJ5IjkNES.jpg,MIGRATED,
Dimension Films.webp,Dimension Films,d_JM4gsjNJ5IjkNES,d_JM4gsjNJ5IjkNES.webp,MIGRATED,
Dinosaurs.jpg,Dinosaurs,d_oa2ka3qmY6iPP84,d_oa2ka3qmY6iPP84.jpg,MIGRATED,
Directors' Final Films.jpg,Directors' Final Films,d_gOBd9Y1TMe9WDsc,d_gOBd9Y1TMe9WDsc.jpg,MIGRATED,
Disney Animation Studios 2D.jpg,Disney Animation Studios 2D,d_nm6hmbD3zLXLlN4,d_nm6hmbD3zLXLlN4.jpg,MIGRATED,
Disney Animation Studios Mega Draft.jpg,Disney Animation Studios Mega Draft,d_qrj53LqfArMBy2U,d_qrj53LqfArMBy2U.jpg,MIGRATED,
Disney Attractions Super Draft.jpg,Disney Attractions Super Draft,d_9Mwiggg3N0tvbaP,d_9Mwiggg3N0tvbaP.jpg,MIGRATED,
Disney Channel Original Movies.jpg,Disney Channel Original Movies,d_jQ6Q1Gs0DQ1hCdM,d_jQ6Q1Gs0DQ1hCdM.jpg,MIGRATED,
Dog Movies.jpg,Dog Movies,d_QOS5xswx7hdn9Kh,d_QOS5xswx7hdn9Kh.jpg,MIGRATED,
Don Bluth Super Draft.jpg,Don Bluth Super Draft,d_qeSHa3cnZKL1MgH,d_qeSHa3cnZKL1MgH.jpg,MIGRATED,
Drag.webp,Drag,d_qkcbcxOOLSjiBpI,d_qkcbcxOOLSjiBpI.webp,MIGRATED,
DragonHeart mini-Super Draft.jpg,DragonHeart mini-Super Draft,d_kzPUkzeOD44aW6M,d_kzPUkzeOD44aW6M.jpg,MIGRATED,
Eddie Murphy.jpg,Eddie Murphy,d_C0MdWuac3bsGzuh,d_C0MdWuac3bsGzuh.jpg,MIGRATED,
Elmore Leonard.jpg,Elmore Leonard,d_9l5w4QPTAjkLDJi,d_9l5w4QPTAjkLDJi.jpg,MIGRATED,
Ensemble Casts.jpg,Ensemble Casts,d_KFWUWdGc99OJPeC,d_KFWUWdGc99OJPeC.jpg,MIGRATED,
Erotic Horror.jpg,Erotic Horror,d_yWAlKSoxpMTuGzA,d_yWAlKSoxpMTuGzA.jpg,MIGRATED,
Erotic Thrillers.jpg,Erotic Thrillers,d_y1oV2vv7Ow3aCFx,d_y1oV2vv7Ow3aCFx.jpg,MIGRATED,
Errol Flynn & Olivia de Havilland Super Draft.jpg,Errol Flynn & Olivia de Havilland Super Draft,d_x2YeXHirvwYTYfD,d_x2YeXHirvwYTYfD.jpg,MIGRATED,
European Vacation.jpg,European Vacation,d_7oJgjqZgITSfyk8,d_7oJgjqZgITSfyk8.jpg,MIGRATED,
F Cinemascore Super Draft.jpg,F Cinemascore Super Draft,d_YYTSWI2ZeLhHVez,d_YYTSWI2ZeLhHVez.jpg,MIGRATED,
Female Directed Horror mini-Mega.jpg,Female Directed Horror mini-Mega,d_rJ8bHxDpyga0zb6,d_rJ8bHxDpyga0zb6.jpg,MIGRATED,
Fictional Musicians Mini-Mega.jpg,Fictional Musicians Mini-Mega,d_yZSunX7hDBACzpy,d_yZSunX7hDBACzpy.jpg,MIGRATED,
Films About Filmmakers.jpg,Films About Filmmakers,d_XVRJki6JnZn8Pzg,d_XVRJki6JnZn8Pzg.jpg,MIGRATED,
Fivequels.jpg,Fivequels,d_NExC0klvEWRsUIX,d_NExC0klvEWRsUIX.jpg,MIGRATED,
Flashpoint Batman mini-Super Draft.jpg,Flashpoint Batman mini-Super Draft,,,x,
Florida Crime.jpg,Florida Crime,d_MwDEpMqp7iuIH1z,d_MwDEpMqp7iuIH1z.jpg,MIGRATED,
Found Footage.webp,Found Footage,d_K08UJNViVh8NlLn,d_K08UJNViVh8NlLn.webp,MIGRATED,
Fourquels.jpg,Fourquels,d_HLDtijNdvwZ5vFo,d_HLDtijNdvwZ5vFo.jpg,MIGRATED,
Francis Ford Coppola Super Draft.jpg,Francis Ford Coppola Super Draft,d_4eGl615FYhXXweq,d_4eGl615FYhXXweq.jpg,MIGRATED,
François Truffaut Super Draft.jpg,François Truffaut Super Draft,,,x,
Frank Henenlotter Super Draft.jpg,Frank Henenlotter Super Draft,d_gdWZRDP_DYXfJeQ,d_gdWZRDP_DYXfJeQ.jpg,MIGRATED,
Freddy vs. Jason Super Draft.jpg,Freddy vs. Jason Super Draft,d_ygI6lVMzATLyFh0,d_ygI6lVMzATLyFh0.jpg,MIGRATED,
Friends.jpg,Friends,d_W5nNg1VjSHnPyYD,d_W5nNg1VjSHnPyYD.jpg,MIGRATED,
Game Movies.jpg,Game Movies,d_v5r7z0W4pfvRf9z,d_v5r7z0W4pfvRf9z.jpg,MIGRATED,
Gators & Crocs.jpg,Gators & Crocs,d_gNXdQEYlUapM0NR,d_gNXdQEYlUapM0NR.jpg,MIGRATED,
Geena Davis.jpg,Geena Davis,d_u3059y3rGlwj30L,d_u3059y3rGlwj30L.jpg,MIGRATED,
Gena Rowlands.jpg,Gena Rowlands,d_hlkOPDQZYjKwnx7,d_hlkOPDQZYjKwnx7.jpg,MIGRATED,
Gene Hackman mini-Mega.jpg,Gene Hackman mini-Mega,d_HKpUC7JyJRkkGST,d_HKpUC7JyJRkkGST.jpg,MIGRATED,
Genre Coming of Age mini-Mega.jpg,Genre Coming of Age mini-Mega,,,NO_MATCH,
George A. Romero.jpg,George A. Romero,d_51uYW89vIagXLVc,d_51uYW89vIagXLVc.jpg,MIGRATED,
George Clooney.jpg,George Clooney,d_PMZfWj2T1rxhhEF,d_PMZfWj2T1rxhhEF.jpg,MIGRATED,
George Lucas.jpg,George Lucas,d_q32npHGvfoW44Ks,d_q32npHGvfoW44Ks.jpg,MIGRATED,
Giallo.jpg,Giallo,d_wtsh7H1jV7NSLgu,d_wtsh7H1jV7NSLgu.jpg,MIGRATED,
Girl with the Dragon Tattoo mini-Super Draft.jpg,Girl with the Dragon Tattoo mini-Super Draft,,,x,
Godzilla mini-Mega.jpg,Godzilla mini-Mega,d_X5nGPf9Wff2xVvq,d_X5nGPf9Wff2xVvq.jpg,MIGRATED,
Godzilla vs. Kong.jpg,Godzilla vs. Kong,d_Ttn4REtwDEGZUKg,d_Ttn4REtwDEGZUKg.jpg,MIGRATED,
Graham Skipper.jpg,Graham Skipper,,,NO_MATCH,
Greta Gerwig.jpg,Greta Gerwig,d_5fAdHhgu0nmpaKv,d_5fAdHhgu0nmpaKv.jpg,MIGRATED,
Hallmark Christmas mini-Mega.webp,Hallmark Christmas mini-Mega,d_L6cX6N79T5WOc3l,d_L6cX6N79T5WOc3l.webp,MIGRATED,
Halloween Movies.webp,Halloween Movies,d_30GgEe7i5w93AuB,d_30GgEe7i5w93AuB.webp,MIGRATED,
Halloween Super Draft.webp,Halloween Super Draft,d_qi3DxCJJG7lmVkR,d_qi3DxCJJG7lmVkR.webp,MIGRATED,
Happy Madison Productions.jpg,Happy Madison Productions,d_xIjO3mZb64MKP7k,d_xIjO3mZb64MKP7k.jpg,MIGRATED,
Harrison Ford mini-Mega.jpg,Harrison Ford mini-Mega,d_wU2m0mhYq6P0uCY,d_wU2m0mhYq6P0uCY.jpg,MIGRATED,
Harry Palmer mini-Super Draft.jpg,Harry Palmer mini-Super Draft,d_oro0dXRk8mZGnLF,d_oro0dXRk8mZGnLF.jpg,MIGRATED,
Hawke + Linklater Super Draft.jpg,Hawke + Linklater Super Draft,d_fQ9sjFKZWezT1M6,d_fQ9sjFKZWezT1M6.jpg,MIGRATED,
Heavy Metal.jpg,Heavy Metal,d_Q1TyrYq3GkKa5P3,d_Q1TyrYq3GkKa5P3.jpg,MIGRATED,
Heist Movies.jpg,Heist Movies,d_1eTXaSOgZNe0NSX,d_1eTXaSOgZNe0NSX.jpg,MIGRATED,
Hellraiser.jpg,Hellraiser,d_3lhIv2x7dLr0N8z,d_3lhIv2x7dLr0N8z.jpg,MIGRATED,
High School Horror mini-Mega.jpg,High School Horror mini-Mega,d_3WHdiYqHzcsLlSj,d_3WHdiYqHzcsLlSj.jpg,MIGRATED,
Highlander mini-Super Draft.jpg,Highlander mini-Super Draft,d_Rkcxzhrv8ELx3s8,d_Rkcxzhrv8ELx3s8.jpg,MIGRATED,
Holiday Horror (Non Christmas & Halloween).jpg,Holiday Horror (Non Christmas & Halloween),d_DnWyYOVx7gvNg8d,d_DnWyYOVx7gvNg8d.jpg,MIGRATED,
Holly Hunter mini-Mega.jpg,Holly Hunter mini-Mega,d_EGuCNuLEne2ZUUC,d_EGuCNuLEne2ZUUC.jpg,MIGRATED,
Home Invasion.jpg,Home Invasion,d_qD0QlR6tT4NbvtZ,d_qD0QlR6tT4NbvtZ.jpg,MIGRATED,
Horror Anthologies.jpg,Horror Anthologies,d_YIoNALYxBbsmr81,d_YIoNALYxBbsmr81.jpg,MIGRATED,
Horror Comedy mini-Mega.webp,Horror Comedy mini-Mega,d_EAnHVbctWicgZ0w,d_EAnHVbctWicgZ0w.webp,MIGRATED,
Horror Musicals.jpg,Horror Musicals,d_GJv3ygQ0JVM9Vs8,d_GJv3ygQ0JVM9Vs8.jpg,MIGRATED,
Horror Prequels.webp,Horror Prequels,d_vUJYqWQ15ZZn9ni,d_vUJYqWQ15ZZn9ni.webp,MIGRATED,
Horror Remakes.webp,Horror Remakes,d_oQqGcoLiTpIZ8DQ,d_oQqGcoLiTpIZ8DQ.webp,MIGRATED,
Horror Sequels.webp,Horror Sequels,d_4vrfSyHVWWfhVYJ,d_4vrfSyHVWWfhVYJ.webp,MIGRATED,
Hugh Grant.jpg,Hugh Grant,d_bOmV3JtktmZxpd0,d_bOmV3JtktmZxpd0.jpg,MIGRATED,
Humphrey Bogart.jpg,Humphrey Bogart,d_DHSENoJkI0SSrTv,d_DHSENoJkI0SSrTv.jpg,MIGRATED,
Independent Spirit Best First Feature Award Winners.jpg,Independent Spirit Best First Feature Award Winners,d_9vInLQvkQOUIYRk,d_9vInLQvkQOUIYRk.jpg,MIGRATED,
Indiana Jones mini-Super Draft.jpg,Indiana Jones mini-Super Draft,d_2SABFop7908qx4Z,d_2SABFop7908qx4Z.jpg,MIGRATED,
Insidious mini-Super Draft.jpg,Insidious mini-Super Draft,d_IWoVnHcBWD2yphh,d_IWoVnHcBWD2yphh.jpg,MIGRATED,
Internet Horror.jpg,Internet Horror,d_SLcZnZ3xDHIpryL,d_SLcZnZ3xDHIpryL.jpg,MIGRATED,
James Bond Super Draft.jpg,James Bond Super Draft,d_B3lWbx8wLcWx86l,d_B3lWbx8wLcWx86l.jpg,MIGRATED,
James Earl Jones.jpg,James Earl Jones,d_PhGxfToY8rU10rG,d_PhGxfToY8rU10rG.jpg,MIGRATED,
James Spader.jpg,James Spader,d_HkBPpSf9Fv6mbRG,d_HkBPpSf9Fv6mbRG.jpg,MIGRATED,
Jane Austen.jpg,Jane Austen,d_Xw8k7QgunJCLsgY,d_Xw8k7QgunJCLsgY.jpg,MIGRATED,
Jean-Claude Van Damme.jpg,Jean-Claude Van Damme,d_5Hmr3xnA9de8gM2,d_5Hmr3xnA9de8gM2.jpg,MIGRATED,
Jerry Bruckheimer.jpg,Jerry Bruckheimer,d_3Ty31csBDZ47rMR,d_3Ty31csBDZ47rMR.jpg,MIGRATED,
Jim Henson.jpg,Jim Henson,d_OCa8YuTJGqz7Wuz,d_OCa8YuTJGqz7Wuz.jpg,MIGRATED,
Jodie Foster.jpg,Jodie Foster,d_Q6kZrCO1MHbvjZ6,d_Q6kZrCO1MHbvjZ6.jpg,MIGRATED,
Joel Schumacher mini-Mega.jpg,Joel Schumacher mini-Mega,d_XNzLPPiq7kHPatO,d_XNzLPPiq7kHPatO.jpg,MIGRATED,
John Carpenter Live.jpg,John Carpenter Live,d_z9rSrvtVWgRKa9D,d_z9rSrvtVWgRKa9D.jpg,MIGRATED,
John Grisham Super Draft.jpg,John Grisham Super Draft,d_CWKp4DfnXgbZTsh,d_CWKp4DfnXgbZTsh.jpg,MIGRATED,
John Patrick Shanley Super Draft.jpg,John Patrick Shanley Super Draft,d_dfsnebIolWqDJTL,d_dfsnebIolWqDJTL.jpg,MIGRATED,
John Waters.jpg,John Waters,d_zIQH3MTnLtaUIBu,d_zIQH3MTnLtaUIBu.jpg,MIGRATED,
Judy Garland.jpg,Judy Garland,d_ahQJOporGtF55HU,d_ahQJOporGtF55HU.jpg,MIGRATED,
Jukebox Musicals.jpg,Jukebox Musicals,d_ILV8pB3pgqbEcNJ,d_ILV8pB3pgqbEcNJ.jpg,MIGRATED,
Juliette Binoche mini-Mega.jpg,Juliette Binoche mini-Mega,d_59LiN8j8ce8Ock9,d_59LiN8j8ce8Ock9.jpg,MIGRATED,
July 4th Weekend.jpg,July 4th Weekend,d_26n9HNzM8oB87Px,d_26n9HNzM8oB87Px.jpg,MIGRATED,
Jurrasic Park mini-Super.jpg,Jurrasic Park mini-Super,,,x,
Kathryn Bigelow Super Draft.jpg,Kathryn Bigelow Super Draft,d_aa4KHoY4pQwGUnG,d_aa4KHoY4pQwGUnG.jpg,MIGRATED,
Kelly Reichardt Super Draft.webp,Kelly Reichardt Super Draft,d_Qxw243vn8PxZkhd,d_Qxw243vn8PxZkhd.webp,MIGRATED,
Kidventure.webp,Kidventure,d_xX2F1IRVGlCdRH3,d_xX2F1IRVGlCdRH3.webp,MIGRATED,
Kirsten Dunst.jpg,Kirsten Dunst,d_9qeJvcyGp0Ifuie,d_9qeJvcyGp0Ifuie.jpg,MIGRATED,
Korean Horror.jpg,Korean Horror,d_Bg6tkkU3iVHWoGP,d_Bg6tkkU3iVHWoGP.jpg,MIGRATED,
Kristen Stewart.jpg,Kristen Stewart,d_dmbO6mqy7B25KVC,d_dmbO6mqy7B25KVC.jpg,MIGRATED,
Kubrick.jpg,Kubrick,d_vO879JaxCI87TrD,d_vO879JaxCI87TrD.jpg,MIGRATED,
Laura Dern.jpg,Laura Dern,d_br4JN1qYRz88RFx,d_br4JN1qYRz88RFx.jpg,MIGRATED,
Legacy Sequels.jpg,Legacy Sequels,d_YnMpBXo2N6211SK,d_YnMpBXo2N6211SK.jpg,MIGRATED,
Lesbians mini-Mega.jpg,Lesbians mini-Mega,d_rSw1ccLYnRONs0t,d_rSw1ccLYnRONs0t.jpg,MIGRATED,
Lorne Michaels.jpg,Lorne Michaels,d_QodXIMs3Gh4gKmI,d_QodXIMs3Gh4gKmI.jpg,MIGRATED,
Lucio Fulci.webp,Lucio Fulci,d_EZ2A4KHVXDsRqAE,d_EZ2A4KHVXDsRqAE.webp,MIGRATED,
Lynn Shelton Super Draft.jpg,Lynn Shelton Super Draft,d_kZrpjOY32Zm1rhG,d_kZrpjOY32Zm1rhG.jpg,MIGRATED,
M. Night Shyamalan Super Draft.webp,M. Night Shyamalan Super Draft,d_IrSNT5ifZm4gQws,d_IrSNT5ifZm4gQws.webp,MIGRATED,
Mad Scientist.webp,Mad Scientist,d_Nf3RyqSzVQ2RGrg,d_Nf3RyqSzVQ2RGrg.webp,MIGRATED,
Martin Scorsese Narrative Shorts Super Draft.jpg,Martin Scorsese Narrative Shorts Super Draft,,,x,
Martin Scorsese Super Draft.jpg,Martin Scorsese Super Draft,d_6OoLuEH7JbQ9h41,d_6OoLuEH7JbQ9h41.jpg,MIGRATED,
Max von Sydow.jpg,Max von Sydow,d_AiauIbjDwkTpPKt,d_AiauIbjDwkTpPKt.jpg,MIGRATED,
MCU Phase 4 Super Draft.jpg,MCU Phase 4 Super Draft,d_4ryUWS32WIq8BCX,d_4ryUWS32WIq8BCX.jpg,MIGRATED,
MCU Super Draft.jpg,MCU Super Draft,d_asXC8QwWaINOEm5,d_asXC8QwWaINOEm5.jpg,MIGRATED,
Merchant Ivory.jpg,Merchant Ivory,,,x,
Michael Crichton Super Draft.jpg,Michael Crichton Super Draft,d_fFnfS0UTJzT0c4J,d_fFnfS0UTJzT0c4J.jpg,MIGRATED,
Michael Mann Super Draft.jpg,Michael Mann Super Draft,d_VdlQPc5zB5BCngt,d_VdlQPc5zB5BCngt.jpg,MIGRATED,
Mike Hammer mini-Super Draft.jpg,Mike Hammer mini-Super Draft,d_4NbW256O5GdgPbT,d_4NbW256O5GdgPbT.jpg,MIGRATED,
Minnesota Mini-Mega.webp,Minnesota Mini-Mega,d_zWWkuoypmb3CHQU,d_zWWkuoypmb3CHQU.webp,MIGRATED,
Miriam Hopkins.jpg,Miriam Hopkins,d_ndvATklhz9LFbEO,d_ndvATklhz9LFbEO.jpg,MIGRATED,
Miss Marple mini-Super Draft.jpg,Miss Marple mini-Super Draft,,,NO_MATCH,
Mission Impossible Super Draft.jpg,Mission Impossible Super Draft,d_xVe92UiblhlisZV,d_xVe92UiblhlisZV.jpg,MIGRATED,
Mistaken Identity.jpg,Mistaken Identity,d_w32s53qjKBZZvMj,d_w32s53qjKBZZvMj.jpg,MIGRATED,
Mixtape Movies.jpg,Mixtape Movies,d_bgCbXAf2iV1WMCw,d_bgCbXAf2iV1WMCw.jpg,MIGRATED,
Mockumentary.jpg,Mockumentary,d_T8UTAqeCAtM3zSP,d_T8UTAqeCAtM3zSP.jpg,MIGRATED,
Movies About Screenwriters.jpg,Movies About Screenwriters,d_k4aEAm1KmqljQbl,d_k4aEAm1KmqljQbl.jpg,MIGRATED,
Movies About Theatre mini-Mega.jpg,Movies About Theatre mini-Mega,d_X3iMHGtjo0q5aSH,d_X3iMHGtjo0q5aSH.jpg,MIGRATED,
Movies II The Undrafted Mega Draft.jpg,Movies II The Undrafted Mega Draft,,,x,
Movies III The Rotten Mega Draft.jpg,Movies III The Rotten Mega Draft,,,NO_MATCH,
Movies Mega Draft.jpg,Movies Mega Draft,d_QhLVSTTUYkhVWvW,d_QhLVSTTUYkhVWvW.jpg,MIGRATED,
MTV Movie Awards Best Kiss Winners.jpg,MTV Movie Awards Best Kiss Winners,d_PQVCNRsSZqz78dm,d_PQVCNRsSZqz78dm.jpg,MIGRATED,
Multiple Roles.jpg,Multiple Roles,d_deoDdtvUWpXHDkq,d_deoDdtvUWpXHDkq.jpg,MIGRATED,
Music Docs.jpg,Music Docs,d_LLzRsZk4Oda3DFY,d_LLzRsZk4Oda3DFY.jpg,MIGRATED,
NASA.jpg,NASA,d_g3f8NiYah9DE5wv,d_g3f8NiYah9DE5wv.jpg,MIGRATED,
Natalie Portman.jpg,Natalie Portman,d_9XHaS8UGcSK0fkB,d_9XHaS8UGcSK0fkB.jpg,MIGRATED,
Natalie Wood.jpg,Natalie Wood,d_2EyCcezf1nZ1ufc,d_2EyCcezf1nZ1ufc.jpg,MIGRATED,
Neon mini-Mega.jpg,Neon mini-Mega,d_G4k2V9tYTVWsKXc,d_G4k2V9tYTVWsKXc.jpg,MIGRATED,
New Camp Classics.jpg,New Camp Classics,d_5RerjaMULGji17x,d_5RerjaMULGji17x.jpg,MIGRATED,
Nicolas Cage Mega Draft.jpg,Nicolas Cage Mega Draft,d_OtAbCdVy1auzzxT,d_OtAbCdVy1auzzxT.jpg,MIGRATED,
Notable Nudes.jpg,Notable Nudes,d_X26TaGFWdrCr3XB,d_X26TaGFWdrCr3XB.jpg,MIGRATED,
Nuns.jpg,Nuns,d_tilSTxAw0tCa3yX,d_tilSTxAw0tCa3yX.jpg,MIGRATED,
Obsession Thrillers.jpg,Obsession Thrillers,d_hlvYACQx531j4km,d_hlvYACQx531j4km.jpg,MIGRATED,
Oliver Assayas Super Draft.jpg,Oliver Assayas Super Draft,d_3XjdLMgig2YtxzE,d_3XjdLMgig2YtxzE.jpg,MIGRATED,
One Crazy Night.jpg,One Crazy Night,d_XYYNR6ON5ag36bC,d_XYYNR6ON5ag36bC.jpg,MIGRATED,
Original Movie Musicals - American.jpg,Original Movie Musicals - American,d_PfALsXBNLoYw9RW,d_PfALsXBNLoYw9RW.jpg,MIGRATED,
Orson Welles.jpg,Orson Welles,d_ywjrI0eNAePqwLS,d_ywjrI0eNAePqwLS.jpg,MIGRATED,
Oscar Winning Queer Films.webp,Oscar Winning Queer Films,d_Raox0Wr4PheQS8S,d_Raox0Wr4PheQS8S.webp,MIGRATED,
Ozploitation.jpg,Ozploitation,d_21TFvXhoVgjRfjt,d_21TFvXhoVgjRfjt.jpg,MIGRATED,
Paranormal Activity Super Draft.jpg,Paranormal Activity Super Draft,d_15b4D3mvrTsDu0K,d_15b4D3mvrTsDu0K.jpg,MIGRATED,
Parker Posey.jpg,Parker Posey,d_AILTbYoiuXVgRNG,d_AILTbYoiuXVgRNG.jpg,MIGRATED,
Patricia Highsmith.jpg,Patricia Highsmith,d_RDKxnBCxkJiWkAT,d_RDKxnBCxkJiWkAT.jpg,MIGRATED,
Paul Newman mini-Mega.jpg,Paul Newman mini-Mega,d_MUAMTJjUseC1GQv,d_MUAMTJjUseC1GQv.jpg,MIGRATED,
Paul Thomas Anderson Music Videos.jpg,Paul Thomas Anderson Music Videos,d_rFR6YZSbS20bcIW,d_rFR6YZSbS20bcIW.jpg,MIGRATED,
Paul Thomas Anderson Super Draft.jpg,Paul Thomas Anderson Super Draft,d_o3qKTkC2U9ZpuaL,d_o3qKTkC2U9ZpuaL.jpg,MIGRATED,
Paul Verhoeven Super Draft.jpg,Paul Verhoeven Super Draft,d_q6vQlkixiSpdwbZ,d_q6vQlkixiSpdwbZ.jpg,MIGRATED,
Paul W.S. Anderson Super Draft.jpg,Paul W.S. Anderson Super Draft,d_7Hek3xt2kL5fomk,d_7Hek3xt2kL5fomk.jpg,MIGRATED,
Peanuts mini-Super Draft.jpg,Peanuts mini-Super Draft,d_Y3yWfBz5OI9fFHb,d_Y3yWfBz5OI9fFHb.jpg,MIGRATED,
Penelope Spheeris.webp,Penelope Spheeris,d_0VuQncczKXNaztr,d_0VuQncczKXNaztr.webp,MIGRATED,
Peter Jackson Super Draft.jpg,Peter Jackson Super Draft,d_8Qs8yPDAgNyywpc,d_8Qs8yPDAgNyywpc.jpg,MIGRATED,
Philip Seymour Hoffman.jpg,Philip Seymour Hoffman,d_UUufJtGMPXBwonB,d_UUufJtGMPXBwonB.jpg,MIGRATED,
Pippi Longstocking Franchise mini-Super Draft.jpg,Pippi Longstocking Franchise mini-Super Draft,d_PfUgrdOSNq0oG4G,d_PfUgrdOSNq0oG4G.jpg,MIGRATED,
Pixar Super Draft.jpg,Pixar Super Draft,d_tyElnrob3pP5dSp,d_tyElnrob3pP5dSp.jpg,MIGRATED,
Planet Hollywood Mega Draft.jpg,Planet Hollywood Mega Draft,d_TMItv1i77nNK0Gw,d_TMItv1i77nNK0Gw.jpg,MIGRATED,
Planet of the Apes Super Draft.jpg,Planet of the Apes Super Draft,d_yRVFb6ri7XCUhlZ,d_yRVFb6ri7XCUhlZ.jpg,MIGRATED,
Post-Apocalypse.jpg,Post-Apocalypse,d_wlqbwhh00NxVNkQ,d_wlqbwhh00NxVNkQ.jpg,MIGRATED,
Private Eyes.jpg,Private Eyes,d_L56UxNda1Iip0ky,d_L56UxNda1Iip0ky.jpg,MIGRATED,
Psycho Franchise mini-Super Draft.jpg,Psycho Franchise mini-Super Draft,d_4ZXqsSaZggeWtLO,d_4ZXqsSaZggeWtLO.jpg,MIGRATED,
Punksploitation.jpg,Punksploitation,d_HbkFmNFcbjVfx8S,d_HbkFmNFcbjVfx8S.jpg,MIGRATED,
Quatermass Franchise mini-Super Draft.jpg,Quatermass Franchise mini-Super Draft,d_3Iy5S8aEKntsmz2,d_3Iy5S8aEKntsmz2.jpg,MIGRATED,
Queer Comedy.jpg,Queer Comedy,d_lA308Rl2qbkhnV6,d_lA308Rl2qbkhnV6.jpg,MIGRATED,
Queer Comedy.webp,Queer Comedy,d_lA308Rl2qbkhnV6,d_lA308Rl2qbkhnV6.webp,MIGRATED,
Queer Crime.jpg,Queer Crime,d_U5w3Ap9km1N1iTO,d_U5w3Ap9km1N1iTO.jpg,MIGRATED,
Queer Romance.webp,Queer Romance,d_zUQvRempj0nnRlW,d_zUQvRempj0nnRlW.webp,MIGRATED,
Queer Studio Movies.jpg,Queer Studio Movies,d_GOyfg7fy90wQY04,d_GOyfg7fy90wQY04.jpg,MIGRATED,
Quentin Tarantino.jpg,Quentin Tarantino,d_YEJpImjKnbv3iUp,d_YEJpImjKnbv3iUp.jpg,MIGRATED,
Ralph Bakshi Super Draft.jpg,Ralph Bakshi Super Draft,d_ZqlybYb0CplimPr,d_ZqlybYb0CplimPr.jpg,MIGRATED,
Ray Harryhausen.jpg,Ray Harryhausen,d_e1Mw97iodfyA13X,d_e1Mw97iodfyA13X.jpg,MIGRATED,
Razzie Worst Picture Winners.jpg,Razzie Worst Picture Winners,d_u0T6lhYXjZc385R,d_u0T6lhYXjZc385R.jpg,MIGRATED,
Rebecca Hall.jpg,Rebecca Hall,d_yw2LKofCV7omXTx,d_yw2LKofCV7omXTx.jpg,MIGRATED,
REC Franchise mini-Super Draft.jpg,REC Franchise mini-Super Draft,,,x,
Relationship Horror.jpg,Relationship Horror,d_LyVrvFfEynoahhe,d_LyVrvFfEynoahhe.jpg,MIGRATED,
Remakes.jpg,Remakes,d_b6G3qJulqRLGmpg,d_b6G3qJulqRLGmpg.jpg,MIGRATED,
Restaurant Movies.webp,Restaurant Movies,d_Onfr4XTSJhOlX4e,d_Onfr4XTSJhOlX4e.webp,MIGRATED,
Retail Hell.jpg,Retail Hell,d_MX8mNl44yJj5uPV,d_MX8mNl44yJj5uPV.jpg,MIGRATED,
Retired Soderbergh Super Draft.jpg,Retired Soderbergh Super Draft,,,x,
Road Trip.jpg,Road Trip,d_8x12l4P7YPXHRzl,d_8x12l4P7YPXHRzl.jpg,MIGRATED,
Robert Altman Super Draft.jpg,Robert Altman Super Draft,d_iAcWvC2FlPCdf64,d_iAcWvC2FlPCdf64.jpg,MIGRATED,
Robots mini-Mega Live.jpg,Robots mini-Mega Live,d_k7gi4lioSBQR6vr,d_k7gi4lioSBQR6vr.jpg,MIGRATED,
Rock vs. Diesel mini-Mega.jpg,Rock vs. Diesel mini-Mega,d_CMsKLDoX06h1F8a,d_CMsKLDoX06h1F8a.jpg,MIGRATED,
Rocky Creed Super Draft.jpg,Rocky Creed Super Draft,,,x,
Rural Horror.jpg,Rural Horror,d_7j0XAxxJsvz4bdZ,d_7j0XAxxJsvz4bdZ.jpg,MIGRATED,
Ryan Gosling.jpg,Ryan Gosling,d_dBOPdWcMPyPO8cg,d_dBOPdWcMPyPO8cg.jpg,MIGRATED,
Sam Peckinpah.webp,Sam Peckinpah,d_uAKXLjO9BT1YV2C,d_uAKXLjO9BT1YV2C.webp,MIGRATED,
Saw Super Draft.webp,Saw Super Draft,d_ChSOhucHxhMJmIQ,d_ChSOhucHxhMJmIQ.webp,MIGRATED,
Scorsese Produced mini-Mega.jpg,Scorsese Produced mini-Mega,d_wQfomEQTWak009A,d_wQfomEQTWak009A.jpg,MIGRATED,
Scream mini-Super Draft.jpg,Scream mini-Super Draft,d_kSvDLqfVSpbJ41M,d_kSvDLqfVSpbJ41M.jpg,MIGRATED,
ScreamDrafts.webp,ScreamDrafts,,,NO_MATCH,
Screenwriters' Directorial Debuts.jpg,Screenwriters' Directorial Debuts,d_irWOVJoRquPuVsW,d_irWOVJoRquPuVsW.jpg,MIGRATED,
Screwball Comedy mini-Mega.jpg,Screwball Comedy mini-Mega,d_QbDOpn9pgQ7M3ah,d_QbDOpn9pgQ7M3ah.jpg,MIGRATED,
Serial Killer.webp,Serial Killer,d_mE3IBGvDQ8bgbkL,d_mE3IBGvDQ8bgbkL.webp,MIGRATED,
Serious Kids.jpg,Serious Kids,d_abM8FTtZqSrX7GC,d_abM8FTtZqSrX7GC.jpg,MIGRATED,
Shakespeare Part I Mini-Mega.jpg,Shakespeare Part I Mini-Mega,,,x,
Shakespeare Part II Mini-Mega.jpg,Shakespeare Part II Mini-Mega,,,x,
Shakespeare Part III Mini-Mega.jpg,Shakespeare Part III Mini-Mega,,,x,
Sidney Poitier mini-Mega.jpg,Sidney Poitier mini-Mega,d_pfDo2YdMCzFy442,d_pfDo2YdMCzFy442.jpg,MIGRATED,
Sketch Comedy Anthologies.jpg,Sketch Comedy Anthologies,d_EH9K3dTOjrP4upp,d_EH9K3dTOjrP4upp.jpg,MIGRATED,
Sleepaway Camp mini-Super Draft.jpg,Sleepaway Camp mini-Super Draft,,,x,
Snowy Horror.jpg,Snowy Horror,d_kBmkJp1WhyM1P6w,d_kBmkJp1WhyM1P6w.jpg,MIGRATED,
Sofia Coppola Super Draft.jpg,Sofia Coppola Super Draft,d_IpRjhHAAZkDiigE,d_IpRjhHAAZkDiigE.jpg,MIGRATED,
Sony Spider-Man Adjacent mini-Super Draft.jpg,Sony Spider-Man Adjacent mini-Super Draft,,,x,
Space Horror.jpg,Space Horror,d_cCvzmXKJ4SG1MLF,d_cCvzmXKJ4SG1MLF.jpg,MIGRATED,
Spielberg Produced Mega Draft.jpg,Spielberg Produced Mega Draft,d_5mH7uQpZdHxDzXn,d_5mH7uQpZdHxDzXn.jpg,MIGRATED,
Spoofs.jpg,Spoofs,d_naFEY4ETBgT7etf,d_naFEY4ETBgT7etf.jpg,MIGRATED,
Standalone Sci-Fi.jpg,Standalone Sci-Fi,,,x,
Star Trek Super Draft.jpg,Star Trek Super Draft,d_5snHHG4kDDyVxpa,d_5snHHG4kDDyVxpa.jpg,MIGRATED,
Star Wars Super Draft.jpg,Star Wars Super Draft,d_POqkXpIIA1u7n5r,d_POqkXpIIA1u7n5r.jpg,MIGRATED,
Stephen King mini-Mega.jpg,Stephen King mini-Mega,d_VjYEWVHSM1V6UNg,d_VjYEWVHSM1V6UNg.jpg,MIGRATED,
Steven Soderbergh.webp,Steven Soderbergh,d_4oK5GLbRzGmDdsg,d_4oK5GLbRzGmDdsg.webp,MIGRATED,
Steven Spielberg Super Draft.webp,Steven Spielberg Super Draft,d_kUBQyDBcjmN1blq,d_kUBQyDBcjmN1blq.webp,MIGRATED,
Stuart Gordon.webp,Stuart Gordon,d_85JS8cVTPxf9LCN,d_85JS8cVTPxf9LCN.webp,MIGRATED,
Summer 2025.webp,Summer 2025,d_Tf8kFkrcLmye1td,d_Tf8kFkrcLmye1td.webp,MIGRATED,
Supernatural Kids.jpg,Supernatural Kids,d_1ov8BtPsv2qTw1E,d_1ov8BtPsv2qTw1E.jpg,MIGRATED,
Sword & Sorcery.jpg,Sword & Sorcery,d_Xvq32nN0xuYSCO0,d_Xvq32nN0xuYSCO0.jpg,MIGRATED,
SyFy Channel Original Movies.jpg,SyFy Channel Original Movies,d_yOmQncgiGKp6OVb,d_yOmQncgiGKp6OVb.jpg,MIGRATED,
Teacher Movies.jpg,Teacher Movies,d_06qYkOxfQ5gDpR2,d_06qYkOxfQ5gDpR2.jpg,MIGRATED,
Teen Horror (Millennial Edition).webp,Teen Horror (Millennial Edition),d_d9PEoV17iO42Jhx,d_d9PEoV17iO42Jhx.webp,MIGRATED,
Teenage Mutant Ninja Turtles mini-Super Draft.jpg,Teenage Mutant Ninja Turtles mini-Super Draft,d_zZt0x6JNoitrrgT,d_zZt0x6JNoitrrgT.jpg,MIGRATED,
Texas Chainsaw Massacre Super Draft.jpg,Texas Chainsaw Massacre Super Draft,d_5HhiR9H4orOSkmo,d_5HhiR9H4orOSkmo.jpg,MIGRATED,
Thanksgiving Weekend.jpg,Thanksgiving Weekend,d_ZL0w78l2oArzApd,d_ZL0w78l2oArzApd.jpg,MIGRATED,
The Afterlife.jpg,The Afterlife,d_OZ7Orni8LHaozX2,d_OZ7Orni8LHaozX2.jpg,MIGRATED,
The American President.jpg,The American President,d_erpE6gSLmVU6Jhl,d_erpE6gSLmVU6Jhl.jpg,MIGRATED,
The Beatles.jpg,The Beatles,d_SKicR55414EGBjC,d_SKicR55414EGBjC.jpg,MIGRATED,
The Cold War.jpg,The Cold War,d_rqQAnjtqOcQbrvD,d_rqQAnjtqOcQbrvD.jpg,MIGRATED,
The Evil Dead Franchise mini-Super Draft.jpg,The Evil Dead Franchise mini-Super Draft,d_YZpc4pC0SUIvYnl,d_YZpc4pC0SUIvYnl.jpg,MIGRATED,
The Gambler Franchise mini-Super Draft.jpg,The Gambler Franchise mini-Super Draft,d_PMa8s9dzvVbxyqR,d_PMa8s9dzvVbxyqR.jpg,MIGRATED,
The Hire Super Draft.jpg,The Hire Super Draft,d_cC1L65TRR1fnxiq,d_cC1L65TRR1fnxiq.jpg,MIGRATED,
The Hunger Games Franchise mini-Super Draft.jpg,The Hunger Games Franchise mini-Super Draft,,,x,
The Internet.jpg,The Internet,d_c18IbDWdu21meUB,d_c18IbDWdu21meUB.jpg,MIGRATED,
The Invisible Man Franchise mini-Super Draft.jpg,The Invisible Man Franchise mini-Super Draft,,,x,
The Matrix Franchise mini-Super Draft.jpg,The Matrix Franchise mini-Super Draft,d_enAg2O5t7jCkj7m,d_enAg2O5t7jCkj7m.jpg,MIGRATED,
The Modern Mummy Franchise mini-Super Draft.jpg,The Modern Mummy Franchise mini-Super Draft,,,x,
The Omen Franchise mini-Super Draft.jpg,The Omen Franchise mini-Super Draft,d_Hh5e4T2JQnarA6t,d_Hh5e4T2JQnarA6t.jpg,MIGRATED,
The Parent Trap Franchise mini-Super Draft.jpg,The Parent Trap Franchise mini-Super Draft,d_NIVKtKXu9HCgqAm,d_NIVKtKXu9HCgqAm.jpg,MIGRATED,
The Predator Franchise mini-Super Draft.jpg,The Predator Franchise mini-Super Draft,d_rEWEvWZpm5mY0hu,d_rEWEvWZpm5mY0hu.jpg,MIGRATED,
The Purge Franchise mini-Super.jpg,The Purge Franchise mini-Super,,,x,
The Transporter Franchise mini-Super Draft.jpg,The Transporter Franchise mini-Super Draft,d_M89j5BRXmxB4TG9,d_M89j5BRXmxB4TG9.jpg,MIGRATED,
The Two Coreys.jpg,The Two Coreys,d_RGUHDgHfq9wWOMI,d_RGUHDgHfq9wWOMI.jpg,MIGRATED,
The World of John Wick Franchise mini-Super Draft.jpg,The World of John Wick Franchise mini-Super Draft,d_0tvOQa5bsLKTmyC,d_0tvOQa5bsLKTmyC.jpg,MIGRATED,
Time Loop.jpg,Time Loop,d_mGddvKUcogmWEu2,d_mGddvKUcogmWEu2.jpg,MIGRATED,
Time Travel.webp,Time Travel,d_1GU4r9K6LlCkA1a,d_1GU4r9K6LlCkA1a.webp,MIGRATED,
Timothée Chalamet.jpg,Timothée Chalamet,,,x,
Tobe Hooper.jpg,Tobe Hooper,d_6e6K4qbOvz7D1Rf,d_6e6K4qbOvz7D1Rf.jpg,MIGRATED,
Tony Scott.webp,Tony Scott,d_rjmELoqO9gFBitq,d_rjmELoqO9gFBitq.webp,MIGRATED,
Toy Story Franchise mini-Super Draft.jpg,Toy Story Franchise mini-Super Draft,d_UjT3YyJIIW3jHET,d_UjT3YyJIIW3jHET.jpg,MIGRATED,
Train Movies.jpg,Train Movies,d_K82B4L1DisTSzDE,d_K82B4L1DisTSzDE.jpg,MIGRATED,
Tremors Super Draft.jpg,Tremors Super Draft,d_3RTy7VEoqZPMIRx,d_3RTy7VEoqZPMIRx.jpg,MIGRATED,
True Crime Documentaries.jpg,True Crime Documentaries,d_Qhdy2OhkWeQRJzI,d_Qhdy2OhkWeQRJzI.jpg,MIGRATED,
TV Adaptations.jpg,TV Adaptations,d_PWkR875DJIfd7MW,d_PWkR875DJIfd7MW.jpg,MIGRATED,
TV Continuations.jpg,TV Continuations,d_DaL3hmQ40LELA3A,d_DaL3hmQ40LELA3A.jpg,MIGRATED,
TV Shows Mega Draft.jpg,TV Shows Mega Draft,d_yDy9Y8qdBn1ZejX,d_yDy9Y8qdBn1ZejX.jpg,MIGRATED,
Two Thumbs Down.jpg,Two Thumbs Down,d_vjreT4wvPcbkOIv,d_vjreT4wvPcbkOIv.jpg,MIGRATED,
Union Movies.jpg,Union Movies,d_i5ix21GmgAAONPd,d_i5ix21GmgAAONPd.jpg,MIGRATED,
Universal Classic Monsters Mini-Mega.jpg,Universal Classic Monsters Mini-Mega,d_ZIn1YmAQ5S2qfFW,d_ZIn1YmAQ5S2qfFW.jpg,MIGRATED,
Vacation Horror.jpg,Vacation Horror,d_lCSBBqOvu9K9cy7,d_lCSBBqOvu9K9cy7.jpg,MIGRATED,
Video Game Adaptations.jpg,Video Game Adaptations,d_wg4w8vWdeb1Eh87,d_wg4w8vWdeb1Eh87.jpg,MIGRATED,
Video Nasties - Prosecuted Films.webp,Video Nasties - Prosecuted Films,d_ceo3SZNZnUFPOrC,d_ceo3SZNZnUFPOrC.webp,MIGRATED,
Vietnam War mini-Mega.jpg,Vietnam War mini-Mega,d_EZOO0obqb5R1Rnd,d_EZOO0obqb5R1Rnd.jpg,MIGRATED,
Vincente Minnelli.jpg,Vincente Minnelli,d_hISuBP8fgiNqjRg,d_hISuBP8fgiNqjRg.jpg,MIGRATED,
Vinegar Syndrome.jpg,Vinegar Syndrome,d_oREDlbvIsBUoMm6,d_oREDlbvIsBUoMm6.jpg,MIGRATED,
Vintage Con Artist.jpg,Vintage Con Artist,d_g6545IHNz0g9tAq,d_g6545IHNz0g9tAq.jpg,MIGRATED,
Wedding Movies.jpg,Wedding Movies,d_D0LQjLdKTj0absa,d_D0LQjLdKTj0absa.jpg,MIGRATED,
Wedding Movies.webp,Wedding Movies,d_D0LQjLdKTj0absa,d_D0LQjLdKTj0absa.webp,MIGRATED,
Wes Craven.webp,Wes Craven,d_Uua3IBgT64RVRkF,d_Uua3IBgT64RVRkF.webp,MIGRATED,
Wesley Snipes.jpg,Wesley Snipes,d_ToXNWAhIo7EhZ7S,d_ToXNWAhIo7EhZ7S.jpg,MIGRATED,
Westerns Part I Mini-Mega.jpg,Westerns Part I Mini-Mega,,,x,
Westerns Part II Mini-Mega.jpg,Westerns Part II Mini-Mega,,,x,
Westerns Part III Mini-Mega.jpg,Westerns Part III Mini-Mega,,,x,
Whit Stillman mini-Super Draft.jpg,Whit Stillman mini-Super Draft,d_GHr3LyBwXxag1aX,d_GHr3LyBwXxag1aX.jpg,MIGRATED,
Will Smith.jpg,Will Smith,d_vEvRCEnrJwdAYxT,d_vEvRCEnrJwdAYxT.jpg,MIGRATED,
Winona Ryder.jpg,Winona Ryder,d_JFIGG6pXlvhLoaH,d_JFIGG6pXlvhLoaH.jpg,MIGRATED,
Woods Horror mini-Mega.jpg,Woods Horror mini-Mega,,,x,
X-Men Super Draft.webp,X-Men Super Draft,d_W8078gcgFFdcQ6S,d_W8078gcgFFdcQ6S.webp,MIGRATED,
"X, NC-17, & Unrated.jpg","X, NC-17, & Unrated",,,x,
Yorgos Lanthimos Super Draft.jpg,Yorgos Lanthimos Super Draft,d_32B2CtLv3dPyglR,d_32B2CtLv3dPyglR.jpg,MIGRATED,
Zombie Mini-Mega.webp,Zombie Mini-Mega,d_8sky5LJ8F1jaBAo,d_8sky5LJ8F1jaBAo.webp,MIGRATED,
