Name,Twitter,Instagram,Letterboxd,Blue Sky,Wiki Url
Simon Abrams,http://twitter.com/simonsaybrams,,http://letterboxd.com/simonsaybrams,https://bsky.app/profile/simonsaybrams.bsky.social,https://screendrafts.fandom.com/wiki/Simon_Abrams
Beth Accomando,http://twitter.com/cinebeth,https://www.instagram.com/cinebeth/,http://letterboxd.com/thecinemajunkie,https://bsky.app/profile/cinebeth.bsky.social,https://screendrafts.fandom.com/wiki/Beth_Accomando
Demi Adejuyigbe,http://twitter.com/electrolemon,,http://letterboxd.com/demiadejuyigbe,https://bsky.app/profile/electrolemon.bsky.social,https://screendrafts.fandom.com/wiki/Demi_Adejuyigbe
Chancellor Agard,http://twitter.com/chancelloragard,https://www.instagram.com/thechancellor_/,http://letterboxd.com/chancelloragard,https://bsky.app/profile/chancelloragard.bsky.social,https://screendrafts.fandom.com/wiki/Chancellor_Agard
J.D. Amato,,,http://letterboxd.com/jdamato,,https://screendrafts.fandom.com/wiki/J.D._Amato
Chris Amick,http://twitter.com/ChrisAmick,https://www.instagram.com/chrisamick/,,https://bsky.app/profile/chrisamick.bsky.social,https://screendrafts.fandom.com/wiki/Chris_Amick
Megan Amram,http://twitter.com/meganamram,https://www.instagram.com/meganamram/,,https://bsky.app/profile/meganamram.bsky.social,https://screendrafts.fandom.com/wiki/Megan_Amram
Erik Anderson,http://twitter.com/awards_watch,https://www.instagram.com/awardswatch/,https://letterboxd.com/awardswatch/,https://bsky.app/profile/awardswatch.bsky.social,https://screendrafts.fandom.com/wiki/Erik_Anderson
Eva Anderson,http://twitter.com/evafay,https://www.instagram.com/evafay/,,https://bsky.app/profile/evafay.bsky.social,https://screendrafts.fandom.com/wiki/Eva_Anderson
Kyle Anderson,,https://www.instagram.com/kyleistalking/,http://letterboxd.com/upallafternoon,,https://screendrafts.fandom.com/wiki/Kyle_Anderson
Tre'vell Anderson,https://twitter.com/TrevellAnderson,https://www.instagram.com/rayzhon/,,https://bsky.app/profile/trevellanderson.bsky.social,https://screendrafts.fandom.com/wiki/Tre%27vell_Anderson
Kevin Avery,http://twitter.com/KevinAvery,https://www.instagram.com/kevinaverycomedy/,,,https://screendrafts.fandom.com/wiki/Kevin_Avery
Jonathan Baker,http://twitter.com/RedBikeBlueBike,https://www.instagram.com/redbikebluebike/,,https://bsky.app/profile/jonathanbaker.bsky.social,https://screendrafts.fandom.com/wiki/Jonathan_Baker
Josh Baker,http://twitter.com/RedBikeBlueBike,https://www.instagram.com/redbikebluebike/,,,https://screendrafts.fandom.com/wiki/Josh_Baker
Vince Balzano,,,,,https://screendrafts.fandom.com/wiki/Vince_Balzano
Juan Barquin,http://twitter.com/woahitsjuanito,https://www.instagram.com/woahitsjuanito/,https://letterboxd.com/woahitsjuanito/,https://bsky.app/profile/woahitsjuanito.bsky.social,https://screendrafts.fandom.com/wiki/Juan_Barquin
Clem Bastow,http://twitter.com/clembastow,,https://letterboxd.com/clambistro/,https://bsky.app/profile/clembastow.bsky.social,https://screendrafts.fandom.com/wiki/Clem_Bastow
Mitchell Beaupre,http://twitter.com/itismitchell,https://www.instagram.com/mitchellbeaupre/,https://letterboxd.com/mitchell/,https://bsky.app/profile/mitchellbeaupre.bsky.social,https://screendrafts.fandom.com/wiki/Mitchell_Beaupre
Scott Beck,http://twitter.com/beckandwoods,https://www.instagram.com/beckandwoods/,,,https://screendrafts.fandom.com/wiki/Scott_Beck
Joe Begos,http://twitter.com/joebegos,https://www.instagram.com/joebegos/,,,https://screendrafts.fandom.com/wiki/Joe_Begos
Milla Bell-Hart,http://twitter.com/millabellhart,,,,https://screendrafts.fandom.com/wiki/Milla_Bell-Hart
Dory Benford,http://twitter.com/dorybenford,https://www.instagram.com/dorybenford/,,https://bsky.app/profile/dorybenford.bsky.social,https://screendrafts.fandom.com/wiki/Dory_Benford
Steve Berg,http://twitter.com/Bergmaster5000,https://www.instagram.com/bergmaster5000/,,,https://screendrafts.fandom.com/wiki/Steve_Berg
Marc Bernardin,http://twitter.com/marcbernardin,https://www.instagram.com/marcbernardin/,https://letterboxd.com/marcbernardin/,https://bsky.app/profile/marcbernardin.bsky.social,https://screendrafts.fandom.com/wiki/Marc_Bernardin
Nay Bever,http://twitter.com/naybever,https://www.instagram.com/naybever/,,https://bsky.app/profile/naybever.bsky.social,https://screendrafts.fandom.com/wiki/Nay_Bever
William Bibbiani,http://twitter.com/WilliamBibbiani,https://www.instagram.com/williambibbiani/,https://letterboxd.com/williambibbiani/,https://bsky.app/profile/williambibbiani.bsky.social,https://screendrafts.fandom.com/wiki/William_Bibbiani
Anna Bogutskaya,http://twitter.com/annabdemented,https://www.instagram.com/annabdemented/,,,https://screendrafts.fandom.com/wiki/Anna_Bogutskaya
John Bradley,http://twitter.com/johnbradleywest,https://www.instagram.com/johnbradleywest/,,,https://screendrafts.fandom.com/wiki/John_Bradley
Jim Branscome,,https://www.instagram.com/jamesbranscome/,,,https://screendrafts.fandom.com/wiki/Jim_Branscome
Guy Branum,http://twitter.com/guybranum,https://www.instagram.com/guybranum/,,,https://screendrafts.fandom.com/wiki/Guy_Branum
Billy Ray Brewton,http://twitter.com/BillyRayBrewton,https://www.instagram.com/billyraybrewton/,https://letterboxd.com/billyraybrewton,https://bsky.app/profile/billyraybrewton.bsky.social,https://screendrafts.fandom.com/wiki/Billy_Ray_Brewton
Patrick Bromley,http://twitter.com/patrickbromley,,,https://bsky.app/profile/patrickbromley.bsky.social,https://screendrafts.fandom.com/wiki/Patrick_Bromley
Morgan Peter Brown,http://twitter.com/MorganPeteBrown,https://www.instagram.com/morganpeterbrown/,,https://bsky.app/profile/morganpeterbrown.bsky.social,https://screendrafts.fandom.com/wiki/Morgan_Peter_Brown
Robert Butler III,http://twitter.com/DirectorRB3,https://www.instagram.com/directorrb3/,,,https://screendrafts.fandom.com/wiki/Robert_Butler_III
Andres Cabrera,http://twitter.com/SquadLeaderAce,https://www.instagram.com/SquadLeaderAce/,https://letterboxd.com/SquadLeaderAce/,https://bsky.app/profile/SquadLeaderAce.bsky.social,https://screendrafts.fandom.com/wiki/Andres_Cabrera
Marc Calderaro,http://twitter.com/MarcCalderaro,https://www.instagram.com/MarcCalderaro/,https://letterboxd.com/marccalder/,,https://screendrafts.fandom.com/wiki/Marc_Calderaro
Jeff Cannata,http://twitter.com/jeffcannata,https://www.instagram.com/jeffcannata/,,https://bsky.app/profile/jeffcannata.bsky.social,https://screendrafts.fandom.com/wiki/Jeff_Cannata
Ricky Carmona,http://twitter.com/rickycarmona,https://www.instagram.com/rickycarmona/,https://letterboxd.com/rickycarmona/,,https://screendrafts.fandom.com/wiki/Ricky_Carmona
Alfonso Carrillo,http://twitter.com/djalfonso,https://www.instagram.com/djalfonso/,https://letterboxd.com/djalfonso/,https://bsky.app/profile/djalfonso.bsky.social,https://screendrafts.fandom.com/wiki/Alfonso_Carrillo
Tom Cendejas,http://twitter.com/tomcend,,,,https://screendrafts.fandom.com/wiki/Tom_Cendejas
Walter Chaw,http://twitter.com/mangiotto,https://www.instagram.com/mangiotto/,https://letterboxd.com/walter_chaw/,https://bsky.app/profile/mangiotto.bsky.social,https://screendrafts.fandom.com/wiki/Walter_Chaw
David Chen,http://twitter.com/davechensky,https://www.instagram.com/davechensky/,https://letterboxd.com/davechen/,https://bsky.app/profile/davechen.bsky.social,https://screendrafts.fandom.com/wiki/David_Chen
Drea Clark,http://twitter.com/TheDreaClark,https://www.instagram.com/dreaclark/,,https://bsky.app/profile/dreaclark.bsky.social,https://screendrafts.fandom.com/wiki/Drea_Clark
Jocey Coffman,http://twitter.com/joceydotcom,https://www.instagram.com/joceydotcom/,https://letterboxd.com/jocey/,,https://screendrafts.fandom.com/wiki/Jocey_Coffman
Devan Coggan,http://twitter.com/devancoggan,https://www.instagram.com/devancoggan/,https://letterboxd.com/dcoggan/,https://bsky.app/profile/devancoggan.bsky.social,https://screendrafts.fandom.com/wiki/Devan_Coggan
Bryan Cogman,,,https://letterboxd.com/bcogs/,https://bsky.app/profile/bryancogman.bsky.social,https://screendrafts.fandom.com/wiki/Bryan_Cogman
B.J. Colangelo,http://twitter.com/bjcolangelo,https://www.instagram.com/bjcolangelo/,https://letterboxd.com/bjcolangelo/,https://bsky.app/profile/bjcolangelo.bsky.social,https://screendrafts.fandom.com/wiki/B.J._Colangelo
Harmony Colangelo,http://twitter.com/Veloci_trap_tor,https://www.instagram.com/veloci_trap_tor/,https://letterboxd.com/veloci_trap_tor/,https://bsky.app/profile/harmonycolangelo.bsky.social,https://screendrafts.fandom.com/wiki/Harmony_Colangelo
Jacqueline Coley,http://twitter.com/THATJacqueline,https://www.instagram.com/ThatJacqueline/,https://letterboxd.com/ThatJacqueline/,https://bsky.app/profile/thatjacqueline.bsky.social,https://screendrafts.fandom.com/wiki/Jacqueline_Coley
Brian Collins,http://twitter.com/BrianWCollins,https://www.instagram.com/brianwcollins/,https://letterboxd.com/brianwcollins/,https://bsky.app/profile/brianwcollins.bsky.social,https://screendrafts.fandom.com/wiki/Brian_Collins
Rance Collins,http://twitter.com/rancecollins,https://www.instagram.com/rancecollins/,https://letterboxd.com/rance88/,https://bsky.app/profile/rancecollins.bsky.social,https://screendrafts.fandom.com/wiki/Rance_Collins
Clark Collis,http://twitter.com/ClarkCollis,https://www.instagram.com/clarkcollis/,,https://bsky.app/profile/clarkcollis.bsky.social,https://screendrafts.fandom.com/wiki/Clark_Collis
Kevin Costello,http://twitter.com/KevinTCostello,https://www.instagram.com/ktgcostello/,https://letterboxd.com/KevinCostello/,https://bsky.app/profile/ktgcostello.bsky.social,https://screendrafts.fandom.com/wiki/Kevin_Costello
Patrick Cotnoir,http://twitter.com/patrickcotnoir,https://www.instagram.com/cotnoir/,https://letterboxd.com/patrickcotnoir/,https://bsky.app/profile/patrickcotnoir.bsky.social,https://screendrafts.fandom.com/wiki/Patrick_Cotnoir
Penny Cox,http://twitter.com/yourgirlpenny,,,https://bsky.app/profile/pennycox.bsky.social,https://screendrafts.fandom.com/wiki/Penny_Cox
Daniel Crooke,,,https://letterboxd.com/danielcrooke/,,https://screendrafts.fandom.com/wiki/Daniel_Crooke
Ash Crossan,http://twitter.com/AshCrossan,https://instagram.com/ash_crossan/,https://letterboxd.com/ashcrossan/,https://bsky.app/profile/ashcrossan.bsky.social,https://screendrafts.fandom.com/wiki/Ash_Crossan
Jordan Crucchiola,http://twitter.com/JorCru,https://www.instagram.com/JorCru/,https://letterboxd.com/JorCru/,https://bsky.app/profile/jorcru.bsky.social,https://screendrafts.fandom.com/wiki/Jordan_Crucchiola
Beth Crudele,,,,,https://screendrafts.fandom.com/wiki/Beth_Crudele
Zed Cutsinger,http://twitter.com/zedcutsinger,https://www.instagram.com/zedcutsinger/,https://letterboxd.com/zedcutsinger/,https://bsky.app/profile/zedcutsinger.bsky.social,https://screendrafts.fandom.com/wiki/Zed_Cutsinger
Samm Deighan,,https://www.instagram.com/sammdeighan,https://letterboxd.com/death_bed/,,https://screendrafts.fandom.com/wiki/Samm_Deighan
Chris Thomas Devlin,,https://www.instagram.com/chrisdevlin89/,,,https://screendrafts.fandom.com/wiki/Chris_Thomas_Devlin
Anthony DiBlasi,http://twitter.com/ant_DiBlasi,https://www.instagram.com/antdiblasi/,,,https://screendrafts.fandom.com/wiki/Anthony_DiBlasi
Evan Dickson,,https://www.instagram.com/evandickson/,https://letterboxd.com/evandickson/,https://bsky.app/profile/evandickson.bsky.social,https://screendrafts.fandom.com/wiki/Evan_Dickson
Frank Dietz,,https://www.instagram.com/thefrankdietz/,https://letterboxd.com/gatorguy/,,https://screendrafts.fandom.com/wiki/Frank_Dietz
Mike Dougherty,http://twitter.com/Mike_Doc,https://www.instagram.com/mike_dockertee/,https://letterboxd.com/mike_doc/,https://bsky.app/profile/mikedockertee.bsky.social,https://screendrafts.fandom.com/wiki/Mike_Dougherty
Jason Shawhan,http://twitter.com/jshawhan,,https://letterboxd.com/interface2037/,https://bsky.app/profile/jshawhan.bsky.social,https://screendrafts.fandom.com/wiki/Jason_Shawhan
Pat Driscoll,http://twitter.com/patdsez,https://www.instagram.com/patdsez/,https://letterboxd.com/patdsez/,,https://screendrafts.fandom.com/wiki/Pat_Driscoll
Brian Duffield,http://twitter.com/BrianDuffield,https://www.instagram.com/briancduffield/,https://letterboxd.com/brianduffield/,https://bsky.app/profile/brianduffield.bsky.social,https://screendrafts.fandom.com/wiki/Brian_Duffield
Alonso Duralde,,https://instagram.com/alonso.duralde/,,https://bsky.app/profile/aduralde.bsky.social,https://screendrafts.fandom.com/wiki/Alonso_Duralde
Bilge Ebiri,https://twitter.com/bilgeebiri,,https://letterboxd.com/bilge,https://bsky.app/profile/bilgeebiri.bsky.social,https://screendrafts.fandom.com/wiki/Bilge_Ebiri
Ryan Estrada,,https://www.instagram.com/ryanestradadotcom/,https://letterboxd.com/ryanestrada/,https://bsky.app/profile/ryanestrada.com,https://screendrafts.fandom.com/wiki/Ryan_Estrada
Chris Feil,,https://www.instagram.com/chrisvfeil/,https://letterboxd.com/chrisvfeil,https://bsky.app/profile/chrisvfeil.bsky.social,https://screendrafts.fandom.com/wiki/Chris_Feil
Daniel Fienberg,http://twitter.com/TheFienPrint,https://www.instagram.com/thefienprint/,https://letterboxd.com/thefienprint/,https://bsky.app/profile/thefienprint.bsky.social,https://screendrafts.fandom.com/wiki/Daniel_Fienberg
Darren Franich,http://twitter.com/DarrenFranich,,http://letterboxd.com/darrenfranich,,https://screendrafts.fandom.com/wiki/Darren_Franich
John Freiler,http://twitter.com/johnfreiler,https://www.instagram.com/johnfreiler/,https://letterboxd.com/johnfreiler/,https://bsky.app/profile/johnfreiler.bsky.social,https://screendrafts.fandom.com/wiki/John_Freiler
Kate Freund,http://twitter.com/cakekid,https://www.instagram.com/katersfreund/,,,https://screendrafts.fandom.com/wiki/Kate_Freund
Andrew Furtado,http://twitter.com/AndrewFurtaco,https://www.instagram.com/andrewfurtaco/,https://letterboxd.com/andrewfurtaco/,,https://screendrafts.fandom.com/wiki/Andrew_Furtado
Jon Gabrus,https://twitter.com/Gabrus,https://www.instagram.com/gabrus/,https://letterboxd.com/gabrus/,https://bsky.app/profile/gabrusky.bsky.social,https://screendrafts.fandom.com/wiki/Jon_Gabrus
Marya Gates,http://twitter.com/oldfilmsflicker,https://www.instagram.com/oldfilmsflicker/,https://letterboxd.com/oldfilmsflicker/,https://bsky.app/profile/oldfilmsflicker.bsky.social,https://screendrafts.fandom.com/wiki/Marya_Gates
Max Genecov,http://twitter.com/MaxGenecov,,,https://bsky.app/profile/MaxGenecov.bsky.social,https://screendrafts.fandom.com/wiki/Max_Genecov
Joe George,,https://www.instagram.com/joewriteswords/,https://letterboxd.com/jageorgeii,https://bsky.app/profile/joewriteswords.bsky.social,https://screendrafts.fandom.com/wiki/Joe_George
Jill Gevargizian,http://twitter.com/jillsixx,https://www.instagram.com/jillsixx/,,https://bsky.app/profile/jillsixx.bsky.social,https://screendrafts.fandom.com/wiki/Jill_Gevargizian
Brian Gillespie,http://twitter.com/whatweirdworks,,,,https://screendrafts.fandom.com/wiki/Brian_Gillespie
Dave Gonzales,http://twitter.com/Da7e,https://www.instagram.com/grumpyda7e/,https://letterboxd.com/da7e/,https://bsky.app/profile/da7e.bsky.social,https://screendrafts.fandom.com/wiki/Dave_Gonzales
BenDavid Grabinski,http://twitter.com/bdgrabinski,https://www.instagram.com/bdgrabinski/,https://letterboxd.com/bdgrabinski/,https://bsky.app/profile/bdgrabinski.bsky.social,https://screendrafts.fandom.com/wiki/BenDavid_Grabinski
Thomas Grabinski,http://twitter.com/handsome_pal,,,,https://screendrafts.fandom.com/wiki/Thomas_Grabinski
Brea Grant,,https://www.instagram.com/breagrant/,https://letterboxd.com/breagrant/,https://bsky.app/profile/breagrant.bsky.social,https://screendrafts.fandom.com/wiki/Brea_Grant
Dylan Guerra,http://twitter.com/DylanGGuerra,https://www.instagram.com/dylanguerra/,https://letterboxd.com/dylanguerra/,https://bsky.app/profile/dylanguerra.bsky.social,https://screendrafts.fandom.com/wiki/Dylan_Guerra
Roxana Hadadi,http://twitter.com/roxana_hadadi,,https://letterboxd.com/roxanazhadadi,https://bsky.app/profile/roxana-hadadi.bsky.social,https://screendrafts.fandom.com/wiki/Roxana_Hadadi
Kate Hagen,http://twitter.com/thathagengrrl,https://www.instagram.com/thathagengrrl/,https://letterboxd.com/thathagengrrl/,https://bsky.app/profile/thathagengrrl.bsky.social,https://screendrafts.fandom.com/wiki/Kate_Hagen
Patrick Hamilton,,,https://letterboxd.com/wewritegood/,,https://screendrafts.fandom.com/wiki/Patrick_Hamilton
Angie Han,http://twitter.com/ajhan,https://www.instagram.com/ajhan06/,https://letterboxd.com/ajhan/,https://bsky.app/profile/ajhan.bsky.social,https://screendrafts.fandom.com/wiki/Angie_Han
Kay Hanley,http://twitter.com/kayhanley,https://www.instagram.com/kayhanley/,https://letterboxd.com/kayhanley/,https://bsky.app/profile/kayhanley.bsky.social,https://screendrafts.fandom.com/wiki/Kay_Hanley
Liz Hannah,,https://www.instagram.com/itslizhannah/,,,https://screendrafts.fandom.com/wiki/Liz_Hannah
Mark Harris,,https://www.instagram.com/markharrisnyc/,,https://bsky.app/profile/markharris.bsky.social,https://screendrafts.fandom.com/wiki/Mark_Harris
Alison Herman,http://twitter.com/aherman2006,https://www.instagram.com/aherman2006/,https://letterboxd.com/alisoncherman/,https://bsky.app/profile/aherman2006.bsky.social,https://screendrafts.fandom.com/wiki/Alison_Herman
Ben Hethcoat,http://twitter.com/benhethcoat,,,,https://screendrafts.fandom.com/wiki/Ben_Hethcoat
Chris Hewitt,http://twitter.com/ChrisHewitt,https://www.instagram.com/ctah1976/,https://letterboxd.com/chrishewitt/,https://bsky.app/profile/chrishewitt.bsky.social,https://screendrafts.fandom.com/wiki/Chris_Hewitt
Libby Hill,,,https://letterboxd.com/midwestspitfire/,https://bsky.app/profile/libbyhill.bsky.social,https://screendrafts.fandom.com/wiki/Libby_Hill
Jordan Hoffman,http://twitter.com/jhoffman,,https://letterboxd.com/jhoffman6/,https://bsky.app/profile/jhoffman.bsky.social,https://screendrafts.fandom.com/wiki/Jordan_Hoffman
Walter Hollmann,http://twitter.com/SilverScreener,https://instagram.com/wlhollmann,https://letterboxd.com/wlhollmann,https://bsky.app/profile/wlhollmann.bsky.social,https://screendrafts.fandom.com/wiki/Walter_Hollmann
Dave Holmes,http://twitter.com/DaveHolmes,https://www.instagram.com/daveholmes/,,https://bsky.app/profile/DaveHolmes.bsky.social,https://screendrafts.fandom.com/wiki/Dave_Holmes
Linda Holmes,http://twitter.com/lindaholmes,https://www.instagram.com/lindaholmes97/,,https://bsky.app/profile/lindaholmes.bsky.social,https://screendrafts.fandom.com/wiki/Linda_Holmes
Christian Holub,http://twitter.com/cmholub,https://www.instagram.com/cmholub/,https://letterboxd.com/christianholub/,https://bsky.app/profile/cholub.bsky.social,https://screendrafts.fandom.com/wiki/Christian_Holub
Heidi Honeycutt,,https://www.instagram.com/honeycuttheidi/,,https://bsky.app/profile/honeycuttheidi.bsky.social,https://screendrafts.fandom.com/wiki/Heidi_Honeycutt
Blake Howard,http://twitter.com/OneBlakeMinute,https://www.instagram.com/oneblakeminute/,http://letterboxd.com/oneblakeminute,https://bsky.app/profile/oneblakeminute.bsky.social,https://screendrafts.fandom.com/wiki/Blake_Howard
Gina Ippolito,http://twitter.com/GinaIppy,https://www.instagram.com/ginaippy/,https://letterboxd.com/ginaippy2/,https://bsky.app/profile/ginaippy.bsky.social,https://screendrafts.fandom.com/wiki/Gina_Ippolito
Phil Iscove,http://twitter.com/pmiscove,https://www.instagram.com/pmiscove/,https://letterboxd.com/pmiscove/,https://bsky.app/profile/pmiscove.bsky.social,https://screendrafts.fandom.com/wiki/Phil_Iscove
Angelique Jackson,http://twitter.com/angelique814,https://www.instagram.com/angeliquejackson/,,https://bsky.app/profile/angeliquejackson.bsky.social,https://screendrafts.fandom.com/wiki/Angelique_Jackson
Cameron James,,https://www.instagram.com/iamcameronjames/,,,https://screendrafts.fandom.com/wiki/Cameron_James
Jeff Jensen,http://twitter.com/EWDocJensen,,https://letterboxd.com/jeffjensen/,https://bsky.app/profile/jeffreyjensen.bsky.social,https://screendrafts.fandom.com/wiki/Jeff_Jensen
Jen Johans,,https://www.instagram.com/filmintuition/,https://letterboxd.com/filmintuition/,https://bsky.app/profile/filmintuition.bsky.social,https://screendrafts.fandom.com/wiki/Jen_Johans
Sean Jordan,http://twitter.com/SeanSJordan,https://www.instagram.com/seancougarmelonjordan/,,https://bsky.app/profile/seanjordancomedy.bsky.social,https://screendrafts.fandom.com/wiki/Sean_Jordan
Elliott Kalan,https://twitter.com/ElliottKalan,,https://letterboxd.com/elliottkalan/,https://bsky.app/profile/elliottkalan.bsky.social,https://screendrafts.fandom.com/wiki/Elliott_Kalan
Elric Kane,https://twitter.com/Elrickane,https://www.instagram.com/elrickane/,https://letterboxd.com/Elrickane,https://bsky.app/profile/elrickane.bsky.social,https://screendrafts.fandom.com/wiki/Elric_Kane
Inkoo Kang,http://twitter.com/inkookang,https://www.instagram.com/inkoogram/,,https://bsky.app/profile/inkookang.bsky.social,https://screendrafts.fandom.com/wiki/Inkoo_Kang
Ian Karmel,http://twitter.com/IanKarmel,https://www.instagram.com/iankarmel/,,https://bsky.app/profile/iankarmel.bsky.social,https://screendrafts.fandom.com/wiki/Ian_Karmel
Clay Keller,http://twitter.com/claykeller,https://www.instagram.com/claykeller/,https://letterboxd.com/claykeller,https://bsky.app/profile/claykeller.bsky.social,https://screendrafts.fandom.com/wiki/Clay_Keller
Sean Keller,,https://www.instagram.com/theseankeller/,,,https://screendrafts.fandom.com/wiki/Sean_Keller
Halle Kiefer,http://twitter.com/HalleKiefer,https://www.instagram.com/hallekiefer/,,,https://screendrafts.fandom.com/wiki/Halle_Kiefer
David Kittredge,http://twitter.com/davidkittredge,https://www.instagram.com/davidkittredge/,,https://bsky.app/profile/davidkittredge.bsky.social,https://screendrafts.fandom.com/wiki/David_Kittredge
Jesse Knight,,https://www.instagram.com/bctheknight/,,,https://screendrafts.fandom.com/wiki/Jesse_Knight
Matthew Krol,http://twitter.com/emperormsk,,http://letterboxd.com/skeletor4prez,https://bsky.app/profile/matthewkrol.nebula.tv,https://screendrafts.fandom.com/wiki/Matthew_Krol
Justin LaLiberty,http://twitter.com/jlalibs,https://www.instagram.com/j_lalibs/,https://letterboxd.com/jlalibs/,https://bsky.app/profile/jlalibs.com,https://screendrafts.fandom.com/wiki/Justin_LaLiberty
Aaron LaPlante,,,,,https://screendrafts.fandom.com/wiki/Aaron_LaPlante
Josh Larsen,https://twitter.com/LarsenOnFilm,https://www.instagram.com/larsenonfilm/,https://letterboxd.com/larsenonfilm,https://bsky.app/profile/larsenonfilm.bsky.social,https://screendrafts.fandom.com/wiki/Josh_Larsen
Derek Lawrence,http://twitter.com/derekjlawrence,https://www.instagram.com/derekjlawrence/,https://letterboxd.com/derekjlawrence/,https://bsky.app/profile/derekjlawrence.bsky.social,https://screendrafts.fandom.com/wiki/Derek_Lawrence
Alison Leiby,,https://www.instagram.com/alisonleiby/,,https://bsky.app/profile/alisonleiby.bsky.social,https://screendrafts.fandom.com/wiki/Alison_Leiby
Maureen Lee Lenker,,https://www.instagram.com/themaureenlee/,https://letterboxd.com/themaureenlee/,https://bsky.app/profile/themaureenlee.bsky.social,https://screendrafts.fandom.com/wiki/Maureen_Lee_Lenker
Samm Levine,http://twitter.com/SammLevine,https://www.instagram.com/sammlevine/,,https://bsky.app/profile/sammlevine.bsky.social,https://screendrafts.fandom.com/wiki/Samm_Levine
Andy Levy,http://twitter.com/andylevy,,https://letterboxd.com/andylevy/,https://bsky.app/profile/andylevy.net,https://screendrafts.fandom.com/wiki/Andy_Levy
Maria Lewis,http://twitter.com/moviemazz,https://www.instagram.com/maria___lewis/,https://letterboxd.com/maria_lewis/,,https://screendrafts.fandom.com/wiki/Maria_Lewis
Nichol Lovett,http://twitter.com/NicholLovett,https://www.instagram.com/nichollovett/,https://letterboxd.com/nichollovett/,,https://screendrafts.fandom.com/wiki/Nichol_Lovett
Alicia Lutes,,http://instagram.com/alicialutes,,https://bsky.app/profile/lutes.bsky.social,https://screendrafts.fandom.com/wiki/Alicia_Lutes
Joe Lynch,,https://www.instagram.com/TheJoeLynch/,https://letterboxd.com/TheJoeLynch/,https://bsky.app/profile/TheJoeLynch.bsky.social,https://screendrafts.fandom.com/wiki/Joe_Lynch
Mike Makowsky,http://twitter.com/mike_makowsky,https://www.instagram.com/mike.makowsky/,,https://bsky.app/profile/mike-makowsky.bsky.social,https://screendrafts.fandom.com/wiki/Mike_Makowsky
Ben Mankiewicz,http://twitter.com/benmank77,https://www.instagram.com/benmankiewicz/,,https://bsky.app/profile/benmank77.bsky.social,https://screendrafts.fandom.com/wiki/Ben_Mankiewicz
Ryan Marker,http://twitter.com/MarkerRyan625,,,https://bsky.app/profile/MarkerRyan625.bsky.social,https://screendrafts.fandom.com/wiki/Ryan_Marker
Blake Masters,http://twitter.com/bmastersb,,,,https://screendrafts.fandom.com/wiki/Blake_Masters
Angela Matano,http://twitter.com/astatoto,,,,https://screendrafts.fandom.com/wiki/Angela_Matano
Dane McDonald,http://twitter.com/TheDaneMcDonald,https://www.instagram.com/thedanemcdonald/,https://letterboxd.com/danemcdonald/,https://bsky.app/profile/danemcdonald.bsky.social,https://screendrafts.fandom.com/wiki/Dane_McDonald
David Ian McKendry,http://twitter.com/DavidIMcKendry,https://www.instagram.com/dimckendry/,https://letterboxd.com/diedavedie/,https://bsky.app/profile/davidianmckendry.bsky.social,https://screendrafts.fandom.com/wiki/David_Ian_McKendry
Rebekah McKendry,http://twitter.com/RebekahMcKendry,https://www.instagram.com/rebekahmckendry/,https://letterboxd.com/rebekahmckendry/,https://bsky.app/profile/rebekahmckendry.bsky.social,https://screendrafts.fandom.com/wiki/Rebekah_McKendry
Drew McWeeny,http://twitter.com/DrewMcWeeny,,,https://bsky.app/profile/drewmcweeny.com,https://screendrafts.fandom.com/wiki/Drew_McWeeny
Ben Mekler,http://twitter.com/benmekler,https://www.instagram.com/benmekler/,https://letterboxd.com/benmekler/,https://bsky.app/profile/benmekler.bsky.social,https://screendrafts.fandom.com/wiki/Ben_Mekler
Matt Mercer,http://twitter.com/mercershark,,https://letterboxd.com/mattmercer/,https://bsky.app/profile/mercermatt.bsky.social,https://screendrafts.fandom.com/wiki/Matt_Mercer
Andrew Merrill,,,,,https://screendrafts.fandom.com/wiki/Andrew_Merrill
Gavin Mevius,,,,https://bsky.app/profile/shhhitsgavin.bsky.social,https://screendrafts.fandom.com/wiki/Gavin_Mevius
Liz Shannon Miller,http://twitter.com/lizlet,https://www.instagram.com/lizshannon/,https://letterboxd.com/lizlet/,https://bsky.app/profile/lizshannonmiller.com,https://screendrafts.fandom.com/wiki/Liz_Shannon_Miller
Neil Miller,http://twitter.com/rejects,,,,https://screendrafts.fandom.com/wiki/Neil_Miller
Wynter Mitchell,http://twitter.com/wyntermitchell,https://www.instagram.com/wynter/,http://letterboxd.com/wynter,https://bsky.app/profile/wynter.bsky.social,https://screendrafts.fandom.com/wiki/Wynter_Mitchell
Grant Moninger,http://twitter.com/GrantMoninger,https://www.instagram.com/grant_moninger/,,https://bsky.app/profile/grantmoninger.bsky.social,https://screendrafts.fandom.com/wiki/Grant_Moninger
Eric Moore,,,https://letterboxd.com/ericterrymoore/,,https://screendrafts.fandom.com/wiki/Eric_Moore
Jordan Morris,,https://www.instagram.com/jordandavidmorris/,,https://bsky.app/profile/jordanmorris.bsky.social,https://screendrafts.fandom.com/wiki/Jordan_Morris
Steven Ray Morris,http://twitter.com/StevenRayMorris,https://www.instagram.com/stevenraymorris/,https://letterboxd.com/StevenRayMorris/,https://bsky.app/profile/stevenraymorris.bsky.social,https://screendrafts.fandom.com/wiki/Steven_Ray_Morris
Jared Moshe,http://twitter.com/jaredmoshe,https://www.instagram.com/jdmoshe/,https://letterboxd.com/jdmoshe/,https://bsky.app/profile/jaredmoshe.bsky.social,https://screendrafts.fandom.com/wiki/Jared_Moshe
Jarrod Murray,http://twitter.com/theofficialword,https://www.instagram.com/jarrodomurray/,https://letterboxd.com/jarrodomurray/,https://bsky.app/profile/theofficialword.bsky.social,https://screendrafts.fandom.com/wiki/Jarrod_Murray
Noel Murray,https://twitter.com/NoelMu,,https://letterboxd.com/noelmu,https://bsky.app/profile/noelmu.bsky.social,https://screendrafts.fandom.com/wiki/Noel_Murray
Darrin Navarro,http://twitter.com/dnavarro_ace,https://www.instagram.com/dnavarro_ace/,https://letterboxd.com/darrinnavarro,https://bsky.app/profile/darrinnavarro.bsky.social,https://screendrafts.fandom.com/wiki/Darrin_Navarro
Kenny Neibart,,,,,https://screendrafts.fandom.com/wiki/Kenny_Neibart
Griffin Newman,http://twitter.com/GriffLightning,https://www.instagram.com/grifflightning/,https://letterboxd.com/grifflightning/,,https://screendrafts.fandom.com/wiki/Griffin_Newman
Amy Nicholson,http://twitter.com/theamynicholson,https://www.instagram.com/theamynicholson/,https://letterboxd.com/theamynicholson/,https://bsky.app/profile/theamynicholson.bsky.social,https://screendrafts.fandom.com/wiki/Amy_Nicholson
Phil Nobile Jr.,http://twitter.com/PhilNobileJr,,https://letterboxd.com/philnobilejr/,https://bsky.app/profile/philnobilejr.bsky.social,https://screendrafts.fandom.com/wiki/Phil_Nobile_Jr.
Oriana Nudo,http://twitter.com/oriananudo,https://www.instagram.com/oriananudo//,,https://bsky.app/profile/oriananudo.bsky.social,https://screendrafts.fandom.com/wiki/Oriana_Nudo
Ify Nwadiwe,http://twitter.com/IfyNwadiwe,https://www.instagram.com/ifynwadiwe/,https://letterboxd.com/itsify/,https://bsky.app/profile/ifycomedy.com,https://screendrafts.fandom.com/wiki/Ify_Nwadiwe
Mallory O'Meara,http://twitter.com/malloryomeara,https://www.instagram.com/malloryomeara/,,https://bsky.app/profile/malloryomeara.bsky.social‬,https://screendrafts.fandom.com/wiki/Mallory_O%27Meara
Dave Parker,,,,,https://screendrafts.fandom.com/wiki/Dave_Parker
Patreon Members,,,,,https://screendrafts.fandom.com/wiki/Patreon_Members
Louis Peitzman,http://twitter.com/LouisPeitzman,https://www.instagram.com/louispeitzman/,http://letterboxd.com/louispeitzman,https://bsky.app/profile/louispeitzman.bsky.social,https://screendrafts.fandom.com/wiki/Louis_Peitzman
Eric Pennycoff,,,https://letterboxd.com/ericpennycoff/,https://bsky.app/profile/ericpennycoff.bsky.social,https://screendrafts.fandom.com/wiki/Eric_Pennycoff
Matt Perez-Mora,,,https://letterboxd.com/mattperezmora/,,https://screendrafts.fandom.com/wiki/Matt_Perez-Mora
Eric Plese,,,,,https://screendrafts.fandom.com/wiki/Eric_Plese
James Ponsoldt,http://twitter.com/jamesponsoldt,https://www.instagram.com/jamesponsoldt/,,https://bsky.app/profile/jamesponsoldt.bsky.social,https://screendrafts.fandom.com/wiki/James_Ponsoldt
Kristy Puchko,,,https://letterboxd.com/kristypuchko/,https://bsky.app/profile/kristypuchko.bsky.social,https://screendrafts.fandom.com/wiki/Kristy_Puchko
Connor Ratliff,http://twitter.com/connorratliff,https://www.instagram.com/connorratliff/,,https://bsky.app/profile/connorratliff.bsky.social,https://screendrafts.fandom.com/wiki/Connor_Ratliff
Joe Reid,http://twitter.com/joereid,,https://letterboxd.com/joereid,https://bsky.app/profile/joereid.bsky.social,https://screendrafts.fandom.com/wiki/Joe_Reid
Carla Renata,http://twitter.com/TheCurvyCritic,https://www.instagram.com/thecurvycritic/,https://letterboxd.com/crenata/,,https://screendrafts.fandom.com/wiki/Carla_Renata
Luis Rendon,http://twitter.com/louiegrendon,https://www.instagram.com/lrendon/,,https://bsky.app/profile/lrendon.bsky.social,https://screendrafts.fandom.com/wiki/Luis_Rendon
Scott Reynolds,http://twitter.com/jscottamy,https://www.instagram.com/jscottamy4/,https://letterboxd.com/jscottamy/,,https://screendrafts.fandom.com/wiki/Scott_Reynolds
Katey Rich,http://twitter.com/kateyrich,https://www.instagram.com/kateyrichtalking/,https://letterboxd.com/kateyrich/,https://bsky.app/profile/kateyrich.bsky.social,https://screendrafts.fandom.com/wiki/Katey_Rich
Jenelle Riley,http://twitter.com/jenelleriley,https://www.instagram.com/jenelleriley/,,https://bsky.app/profile/jenelleriley.bsky.social,https://screendrafts.fandom.com/wiki/Jenelle_Riley
Joanna Robinson,http://twitter.com/jowrotethis,https://www.instagram.com/jowrotethis/,https://letterboxd.com/jowrotethis,https://bsky.app/profile/jowrotethis.bsky.social,https://screendrafts.fandom.com/wiki/Joanna_Robinson
Jonah Ray Rodrigues,,https://www.instagram.com/jonahray/,,https://bsky.app/profile/jonahrayrodrigues.bsky.social,https://screendrafts.fandom.com/wiki/Jonah_Ray_Rodrigues
Miguel Rodriguez,,https://www.instagram.com/miguel_hifilmfest/,,,https://screendrafts.fandom.com/wiki/Miguel_Rodriguez
Andrew Roebuck,,https://www.instagram.com/winemovienerd/,https://letterboxd.com/roebucan/,,https://screendrafts.fandom.com/wiki/Andrew_Roebuck
Mallory Rubin,http://twitter.com/MalloryRubin,https://www.instagram.com/malloryrubin/,,,https://screendrafts.fandom.com/wiki/Mallory_Rubin
Mike Ryan,http://twitter.com/mikeryan,,https://letterboxd.com/mikeryan/,https://bsky.app/profile/mikeryan.bsky.social,https://screendrafts.fandom.com/wiki/Mike_Ryan
Fayna Sanchez,,https://www.instagram.com/fayna.bo.byna/,,,https://screendrafts.fandom.com/wiki/Fayna_Sanchez
Brian Saur,,https://www.instagram.com/rupertpupkinspeaks/,https://letterboxd.com/rupertpupkin/,https://bsky.app/profile/bobfreelander.bsky.social,https://screendrafts.fandom.com/wiki/Brian_Saur
Dave Schilling,http://twitter.com/dave_schilling,https://www.instagram.com/dwschilling/,,https://bsky.app/profile/daveschilling.bsky.social,https://screendrafts.fandom.com/wiki/Dave_Schilling
Dana Schwartz,http://twitter.com/DanaSchwartzzz,https://www.instagram.com/danaschwartzzz/,https://letterboxd.com/dschwartzzz/,https://bsky.app/profile/danaschwartz.bsky.social,https://screendrafts.fandom.com/wiki/Dana_Schwartz
Chris Scleicher,http://twitter.com/cschleichsrun,https://www.instagram.com/cschleichsrun/,https://letterboxd.com/cschleichsrun/,,https://screendrafts.fandom.com/wiki/Chris_Scleicher
Mike Scollins,http://twitter.com/mikescollins,https://www.instagram.com/mikescollins/,https://letterboxd.com/mikescollins/,https://bsky.app/profile/mikescollins.bsky.social,https://screendrafts.fandom.com/wiki/Mike_Scollins
Witney Seibold,http://twitter.com/WitneySeibold,https://www.instagram.com/witneyseibold/,,https://bsky.app/profile/witneyseibold.bsky.social,https://screendrafts.fandom.com/wiki/Witney_Seibold
Nick de Semlyen,http://twitter.com/NickdeSemlyen,https://www.instagram.com/nickdesemlyen/,https://letterboxd.com/nickdesemlyen/,https://bsky.app/profile/nickdesemlyen.bsky.social,https://screendrafts.fandom.com/wiki/Nick_de_Semlyen
Alan Sepinwall,http://twitter.com/sepinwall,https://www.instagram.com/sepinwall/,https://letterboxd.com/alan_sepinwall/,https://bsky.app/profile/sepinwall.bsky.social,https://screendrafts.fandom.com/wiki/Alan_Sepinwall
Helen Shang,http://twitter.com/helenshang,https://www.instagram.com/helenephemera/,,https://bsky.app/profile/helenshang.bsky.social,https://screendrafts.fandom.com/wiki/Helen_Shang
Jason Sheridan,http://twitter.com/JasonSheridan,https://www.instagram.com/jasonsheridan/,https://letterboxd.com/harrylime69/,https://bsky.app/profile/jasonsheridan.bsky.social,https://screendrafts.fandom.com/wiki/Jason_Sheridan
Kimmy Shields,,https://www.instagram.com/kimmyshields/,https://letterboxd.com/kimmyshields/,,https://screendrafts.fandom.com/wiki/Kimmy_Shields
Matt Singer,http://twitter.com/mattsinger,https://www.instagram.com/superpulse/,https://letterboxd.com/superpulse/,https://bsky.app/profile/mattsinger.bsky.social,https://screendrafts.fandom.com/wiki/Matt_Singer
Piya Sinha-Roy,http://twitter.com/PiyaSRoy,https://www.instagram.com/piyasroy/,https://letterboxd.com/PiyaSRoy/,https://bsky.app/profile/piya.bsky.social,https://screendrafts.fandom.com/wiki/Piya_Sinha-Roy
Graham Skipper,http://twitter.com/GrahamSkipper,https://www.instagram.com/skipstagraham/,https://letterboxd.com/grahamskipper/,https://bsky.app/profile/grahamskipper.bsky.social,https://screendrafts.fandom.com/wiki/Graham_Skipper
Slim,http://twitter.com/slim,https://www.instagram.com/yoslimbo/,https://letterboxd.com/slim/,https://bsky.app/profile/yoslimbo.com,https://screendrafts.fandom.com/wiki/Slim
Amanda Smith,http://twitter.com/AmandaSmithSays,,,https://bsky.app/profile/amandasmith.bsky.social,https://screendrafts.fandom.com/wiki/Amanda_Smith
Bethy Squires,https://twitter.com/BethyBSQU,,https://letterboxd.com/bethysquires/,https://bsky.app/profile/bethysquires.bsky.social,https://screendrafts.fandom.com/wiki/Bethy_Squires
Emily St. James,http://twitter.com/emilystjams,https://www.instagram.com/emilystjams/,https://letterboxd.com/emilystjams/,https://bsky.app/profile/emilystjams.bsky.social,https://screendrafts.fandom.com/wiki/Emily_St._James
Ryan Stanger,http://twitter.com/StoneStanger,https://www.instagram.com/stonestanger/,,,https://screendrafts.fandom.com/wiki/Ryan_Stanger
Chelsea Stardust,,https://www.instagram.com/chelseastardust/,,,https://screendrafts.fandom.com/wiki/Chelsea_Stardust
Riley Stearns,,https://www.instagram.com/rileystearns/,https://letterboxd.com/anselroth/,,https://screendrafts.fandom.com/wiki/Riley_Stearns
Sarah Sterling,http://twitter.com/SarahSterling_,https://www.instagram.com/sarahsterling/,,https://bsky.app/profile/sarahsterling.bsky.social,https://screendrafts.fandom.com/wiki/Sarah_Sterling
Mikelle Street,http://twitter.com/MikelleStreet,https://www.instagram.com/mikellestreet/,,https://bsky.app/profile/mikellestreet.bsky.social,https://screendrafts.fandom.com/wiki/Mikelle_Street
Brandon Streussnig,https://twitter.com/BrndnStrssng,https://instagram.com/brandon_streussnig/,https://letterboxd.com/bjstreu513,https://bsky.app/profile/brndnstrssng.bsky.social,https://screendrafts.fandom.com/wiki/Brandon_Streussnig
Anam Syed,http://twitter.com/anamarama,https://www.instagram.com/anamarama/,,https://bsky.app/profile/anamsyed.bsky.social,https://screendrafts.fandom.com/wiki/Anam_Syed
Kris Tapley,http://twitter.com/kristapley,,https://letterboxd.com/kristapley/,https://bsky.app/profile/kristapley.bsky.social,https://screendrafts.fandom.com/wiki/Kris_Tapley
Alex Terapane,,,http://letterboxd.com/aterps,,https://screendrafts.fandom.com/wiki/Alex_Terapane
Daniel Thompson,,,,,https://screendrafts.fandom.com/wiki/Daniel_Thompson
Holly Thompson,,,,,https://screendrafts.fandom.com/wiki/Holly_Thompson
Alec Tibaldi,http://twitter.com/tibzay,https://www.instagram.com/tibzay/,https://letterboxd.com/alectibaldi/,,https://screendrafts.fandom.com/wiki/Alec_Tibaldi
Alexei Toliopoulos,http://twitter.com/ThisisAlexei,https://www.instagram.com/thisisalexei/,https://letterboxd.com/ThisisAlexei/,https://bsky.app/profile/thisisalexei.bsky.social,https://screendrafts.fandom.com/wiki/Alexei_Toliopoulos
Lucé Tomlin-Brenner,http://twitter.com/LTBcomedy,https://www.instagram.com/ltbcomedy/,https://letterboxd.com/chachaheels/,,https://screendrafts.fandom.com/wiki/Luc%C3%A9_Tomlin-Brenner
Karen Tongson,http://twitter.com/inlandemperor,https://www.instagram.com/tongsonator/,,https://bsky.app/profile/inlandemperor.bsky.social,https://screendrafts.fandom.com/wiki/Karen_Tongson
Dan Trachtenberg,http://twitter.com/DannyTRS,https://www.instagram.com/dannytrs/,,https://bsky.app/profile/dantrachtenberg.bsky.social,https://screendrafts.fandom.com/wiki/Dan_Trachtenberg
Kevin Tully,,https://www.instagram.com/kttully0428/,https://letterboxd.com/kttully0428/,https://bsky.app/profile/telethonband.bsky.social,https://screendrafts.fandom.com/wiki/Kevin_Tully
Kyle Turner,http://twitter.com/TyleKurner,https://www.instagram.com/tylekurner/,https://letterboxd.com/TyleKurner/,https://bsky.app/profile/tylekurner.bsky.social,https://screendrafts.fandom.com/wiki/Kyle_Turner
Adam B. Vary,http://twitter.com/adambvary,https://www.instagram.com/adambvaryplus//,https://letterboxd.com/adambvary/,https://bsky.app/profile/adambvary.bsky.social,https://screendrafts.fandom.com/wiki/Adam_B._Vary
Eric Vespe,http://twitter.com/EricVespe,https://www.instagram.com/ericvespe/,,https://bsky.app/profile/ericvespe.bsky.social,https://screendrafts.fandom.com/wiki/Eric_Vespe
Mia Lee Vicino,https://twitter.com/miavicino,,https://letterboxd.com/miavicino/,,https://screendrafts.fandom.com/wiki/Mia_Lee_Vicino
Thomas Vitale,http://twitter.com/ThomasPVitale,https://www.instagram.com/thomas.vitale/,,,https://screendrafts.fandom.com/wiki/Thomas_Vitale
Rachel Wagner,http://twitter.com/rachels_reviews,https://www.instagram.com/rachels_reviews/,https://letterboxd.com/rachels_reviews/,,https://screendrafts.fandom.com/wiki/Rachel_Wagner
Rachel Walker,http://twitter.com/loquaciousmuse,https://www.instagram.com/loquaciousmuse/,https://letterboxd.com/loquaciousmuse/,https://bsky.app/profile/loquaciousmuse.bsky.social,https://screendrafts.fandom.com/wiki/Rachel_Walker
Katie Walsh,http://twitter.com/katiewalshstx,,https://letterboxd.com/katiewalshstx,https://bsky.app/profile/katiewalshstx.bsky.social,https://screendrafts.fandom.com/wiki/Katie_Walsh
Scott Wampler,http://twitter.com/ScottWamplerRIP,https://www.instagram.com/mayorofdoorcity/,,https://bsky.app/profile/scottwampler.bsky.social,https://screendrafts.fandom.com/wiki/Scott_Wampler
Breanna Whipple,http://twitter.com/breannimator,,,,https://screendrafts.fandom.com/wiki/Breanna_Whipple
Dave White,,https://www.instagram.com/dlelandwhite/,,https://bsky.app/profile/dlelandwhite.bsky.social,https://screendrafts.fandom.com/wiki/Dave_White
Patrick Willems,http://twitter.com/patrickhwillems,https://www.instagram.com/patrickhwillems/,http://letterboxd.com/patrickhwillems,https://bsky.app/profile/patrickhwillems.bsky.social,https://screendrafts.fandom.com/wiki/Patrick_Willems
Alison Willmore,http://twitter.com/alisonwillmore,,,https://bsky.app/profile/alisonwillmore.bsky.social,https://screendrafts.fandom.com/wiki/Alison_Willmore
Jenn Wilson,,https://www.instagram.com/superfamousjennwilson/,,,https://screendrafts.fandom.com/wiki/Jenn_Wilson
Sam Wineman,http://twitter.com/SamWineman,https://www.instagram.com/samwineman/,https://letterboxd.com/samwineman/,,https://screendrafts.fandom.com/wiki/Sam_Wineman
Carrie Wittmer,http://twitter.com/carriesnotscary,https://www.instagram.com/carriesnotscary/,https://letterboxd.com/carriesnotscary/,https://bsky.app/profile/carriesnotscary.bsky.social,https://screendrafts.fandom.com/wiki/Carrie_Wittmer
April Wolfe,,,https://letterboxd.com/aprilwolfe/,https://bsky.app/profile/aprilwolfe.bsky.social,https://screendrafts.fandom.com/wiki/April_Wolfe
Clarke Wolfe,http://twitter.com/clarkewolfe,https://www.instagram.com/clarkewolfe/,https://letterboxd.com/clarkewolfe/,https://bsky.app/profile/clarkewolfe.bsky.social,https://screendrafts.fandom.com/wiki/Clarke_Wolfe
Bryan Woods,http://twitter.com/beckandwoods,https://www.instagram.com/beckandwoods/,,,https://screendrafts.fandom.com/wiki/Bryan_Woods
Frank H. Woodward,,https://www.instagram.com/frank.h.woodward/,,https://bsky.app/profile/fhw.bsky.social,https://screendrafts.fandom.com/wiki/Frank_H._Woodward
Jen Yamato,http://twitter.com/jenyamato,https://www.instagram.com/jenyamato/,,https://bsky.app/profile/jenyamato.bsky.social,https://screendrafts.fandom.com/wiki/Jen_Yamato
Henry Zebrowski,http://twitter.com/HenryLovesYou,https://www.instagram.com/drfantasty/,,,https://screendrafts.fandom.com/wiki/Henry_Zebrowski
Zoe Zelkind,http://twitter.com/ZelkindZoe,,,,https://screendrafts.fandom.com/wiki/Zoe_Zelkind
Larry Zerner,http://twitter.com/larryzerner,https://www.instagram.com/zernerlaw/,https://letterboxd.com/larryz/,https://bsky.app/profile/zernerlaw.bsky.social,https://screendrafts.fandom.com/wiki/Larry_Zerner
Esther Zuckerman,http://twitter.com/ezwrites,https://www.instagram.com/ezwrites/,https://letterboxd.com/ezwrites/,https://bsky.app/profile/ezwrites.bsky.social,https://screendrafts.fandom.com/wiki/Esther_Zuckerman
